Announcement,share-link,Date,Time,UTC,time_zone,Language,English,stopwords,frequency,Sentimientos,Sent_cuanti
"A Faster, Conversation-First Approach to Feeds in Reddit’s Mobile Apps","['facebook', 'twitter', 'pinterest', 'tumblr', 'reddit']",24/04/2024,12:50:00,04:00,Hora Estándar del Atlántico,en,"A Faster, Conversation-First Approach to Feeds in Reddit’s Mobile Apps","['faster', 'conversation-first', 'approach', 'feeds', 'reddit', 'mobile', 'apps']",7,neutros,1
Expanding our Shopping Ecosystem: Introducing Dynamic Product Ads,"['facebook', 'twitter', 'pinterest', 'tumblr', 'reddit']",24/04/2024,08:00:00,04:00,Hora Estándar del Atlántico,en,Expanding our Shopping Ecosystem: Introducing Dynamic Product Ads,"['expanding', 'shopping', 'ecosystem', 'introducing', 'dynamic', 'product', 'ads']",7,positivos,2
Building on Our Partnership With Cision,"['facebook', 'twitter', 'pinterest', 'tumblr', 'reddit']",27/03/2024,13:00:00,04:00,Hora Estándar del Atlántico,en,Building on Our Partnership With Cision,"['building', 'partnership', 'cision']",3,positivos,2
Reddit is Now a Publicly Traded Company on the New York Stock Exchange,"['facebook', 'twitter', 'pinterest', 'tumblr', 'reddit']",21/03/2024,13:45:00,04:00,Hora Estándar del Atlántico,en,Reddit is Now a Publicly Traded Company on the New York Stock Exchange,"['reddit', 'publicly', 'traded', 'company', 'new', 'york', 'stock', 'exchange']",8,neutros,1
Keeping Our Platform Safe,"['facebook', 'twitter', 'pinterest', 'tumblr', 'reddit']",15/03/2024,10:40:00,04:00,Hora Estándar del Atlántico,en,Keeping Our Platform Safe,"['keeping', 'platform', 'safe']",3,positivos,2
"Advertise Like a Redditor With Our All-New, Completely Unique Ad Format: Free-Form Ads","['facebook', 'twitter', 'pinterest', 'tumblr', 'reddit']",14/03/2024,08:00:00,04:00,Hora Estándar del Atlántico,en,"Advertise Like a Redditor With Our All-New, Completely Unique Ad Format: Free-Form Ads","['advertise', 'like', 'redditor', 'all-new', 'completely', 'unique', 'ad', 'format', 'free-form', 'ads']",10,positivos,2
Introducing the New Toolkit for Business Growth: Reddit Pro is Here,"['facebook', 'twitter', 'pinterest', 'tumblr', 'reddit']",08/03/2024,09:00:00,05:00,Hora Estándar del Este,en,Introducing the New Toolkit for Business Growth: Reddit Pro is Here,"['introducing', 'new', 'toolkit', 'business', 'growth', 'reddit', 'pro']",7,positivos,2
Reddit Files Registration Statement for Proposed Initial Public Offering,"['facebook', 'twitter', 'pinterest', 'tumblr', 'reddit']",22/02/2024,15:26:00,05:00,Hora Estándar del Este,en,Reddit Files Registration Statement for Proposed Initial Public Offering,"['reddit', 'files', 'registration', 'statement', 'proposed', 'initial', 'public', 'offering']",8,neutros,1
Expanding our Partnership with Google,"['facebook', 'twitter', 'pinterest', 'tumblr', 'reddit']",22/02/2024,09:02:00,05:00,Hora Estándar del Este,en,Expanding our Partnership with Google,"['expanding', 'partnership', 'google']",3,positivos,2
Leading with Community: Reddit Joins Pledge 1%,"['facebook', 'twitter', 'pinterest', 'tumblr', 'reddit']",21/02/2024,11:00:00,05:00,Hora Estándar del Este,en,Leading with Community: Reddit Joins Pledge 1%,"['leading', 'community', 'reddit', 'joins', 'pledge']",5,neutros,1
How Reddit Supports Civic Engagement and Election Integrity in 2024,"['facebook', 'twitter', 'pinterest', 'tumblr', 'reddit']",15/02/2024,16:16:00,05:00,Hora Estándar del Este,en,How Reddit Supports Civic Engagement and Election Integrity in 2024,"['reddit', 'supports', 'civic', 'engagement', 'election', 'integrity']",6,neutros,1
"Driving advertiser performance through advanced measurement solutions: announcing our first Conversions API partner, Tealium","['facebook', 'twitter', 'pinterest', 'tumblr', 'reddit']",31/01/2024,05:00:00,05:00,Hora Estándar del Este,en,"Driving advertiser performance through advanced measurement solutions: announcing our first Conversions API partner, Tealium","['driving', 'advertiser', 'performance', 'advanced', 'measurement', 'solutions', 'announcing', 'first', 'conversions', 'api', 'partner', 'tealium']",12,positivos,2
The Key to Unlocking Relevant Audiences? Join Us at CES 2024 To Find Out How,"['facebook', 'twitter', 'pinterest', 'tumblr', 'reddit']",14/12/2023,06:00:00,05:00,Hora Estándar del Este,en,The Key to Unlocking Relevant Audiences? Join Us at CES 2024 To Find Out How,"['key', 'unlocking', 'relevant', 'audiences', 'join', 'us', 'ces', 'find']",8,positivos,2
"Wishing Redditors Joy, Cheer, and Bananas This Recap Season","['facebook', 'twitter', 'pinterest', 'tumblr', 'reddit']",06/12/2023,09:59:00,05:00,Hora Estándar del Este,en,"Wishing Redditors Joy, Cheer, and Bananas This Recap Season","['wishing', 'redditors', 'joy', 'cheer', 'bananas', 'recap', 'season']",7,positivos,2
Turning Conversations Into Customers: An Update on Our Latest Ad Formats Within Conversation Placement,"['facebook', 'twitter', 'pinterest', 'tumblr', 'reddit']",01/12/2023,04:00:00,05:00,Hora Estándar del Este,en,Turning Conversations Into Customers: An Update on Our Latest Ad Formats Within Conversation Placement,"['turning', 'conversations', 'customers', 'update', 'latest', 'ad', 'formats', 'within', 'conversation', 'placement']",10,neutros,1
Bringing Reddit to the World: An Update on Our Internationalization Efforts and New VP of International Growth Role,"['facebook', 'twitter', 'pinterest', 'tumblr', 'reddit']",30/11/2023,04:00:00,05:00,Hora Estándar del Este,en,Bringing Reddit to the World: An Update on Our Internationalization Efforts and New VP of International Growth Role,"['bringing', 'reddit', 'world', 'update', 'internationalization', 'efforts', 'new', 'vp', 'international', 'growth', 'role']",11,positivos,2
"Evolving the Reddit Brand: A More Accessible, Bespoke Typography, New Conversation Bubbles and Colors, and a New Snoo Logo - Now with Opposable Thumbs!","['facebook', 'twitter', 'pinterest', 'tumblr', 'reddit']",29/11/2023,12:07:00,05:00,Hora Estándar del Este,en,"Evolving the Reddit Brand: A More Accessible, Bespoke Typography, New Conversation Bubbles and Colors, and a New Snoo Logo - Now with Opposable Thumbs!","['evolving', 'reddit', 'brand', 'accessible', 'bespoke', 'typography', 'new', 'conversation', 'bubbles', 'colors', 'new', 'snoo', 'logo', 'opposable', 'thumbs']",15,positivos,2
Reddit’s Response to the Israel-Hamas Conflict,"['facebook', 'twitter', 'pinterest', 'tumblr', 'reddit']",14/10/2023,17:05:00,04:00,Hora Estándar del Atlántico,en,Reddit’s Response to the Israel-Hamas Conflict,"['reddit', 'response', 'israel-hamas', 'conflict']",4,neutros,1
Back by Popular Demand: Announcing All New “Boost 2.0 Certification Program” for Reddit Ads Formula,"['facebook', 'twitter', 'pinterest', 'tumblr', 'reddit']",05/10/2023,03:00:00,04:00,Hora Estándar del Atlántico,en,Back by Popular Demand: Announcing All New “Boost 2.0 Certification Program” for Reddit Ads Formula,"['back', 'popular', 'demand', 'announcing', 'new', 'boost', 'certification', 'program', 'reddit', 'ads', 'formula']",11,neutros,1
"New on Reddit - Improved Search Capabilities and Speed, Media Tab, and More","['facebook', 'twitter', 'pinterest', 'tumblr', 'reddit']",04/10/2023,10:29:00,04:00,Hora Estándar del Atlántico,en,"New on Reddit - Improved Search Capabilities and Speed, Media Tab, and More","['new', 'reddit', 'improved', 'search', 'capabilities', 'speed', 'media', 'tab']",8,positivos,2
Updating Reddit Gold and Rolling Out Our New Contributor Program,"['facebook', 'twitter', 'pinterest', 'tumblr', 'reddit']",25/09/2023,13:01:00,04:00,Hora Estándar del Atlántico,en,Updating Reddit Gold and Rolling Out Our New Contributor Program,"['updating', 'reddit', 'gold', 'rolling', 'new', 'contributor', 'program']",7,neutros,1
Unlocking Advertiser Success Through Enhanced Targeting Capabilities: an Update on our Contextual Tools and ML-powered Keyword Suggestions,"['facebook', 'twitter', 'pinterest', 'tumblr', 'reddit']",31/08/2023,07:00:00,04:00,Hora Estándar del Atlántico,en,Unlocking Advertiser Success Through Enhanced Targeting Capabilities: an Update on our Contextual Tools and ML-powered Keyword Suggestions,"['unlocking', 'advertiser', 'success', 'enhanced', 'targeting', 'capabilities', 'update', 'contextual', 'tools', 'ml-powered', 'keyword', 'suggestions']",12,positivos,2
"Introducing Fredrick Lee, Reddit’s Chief Information Security Officer","['facebook', 'twitter', 'pinterest', 'tumblr', 'reddit']",31/07/2023,10:00:00,04:00,Hora Estándar del Atlántico,en,"Introducing Fredrick Lee, Reddit’s Chief Information Security Officer","['introducing', 'fredrick', 'lee', 'reddit', 'chief', 'information', 'security', 'officer']",8,neutros,1
Rolling Out an Initial Test for Organizations on Reddit,"['facebook', 'twitter', 'pinterest', 'tumblr', 'reddit']",26/07/2023,15:00:00,04:00,Hora Estándar del Atlántico,en,Rolling Out an Initial Test for Organizations on Reddit,"['rolling', 'initial', 'test', 'organizations', 'reddit']",5,neutros,1
Key Facts to Understanding Reddit’s Recent API Updates,"['facebook', 'twitter', 'pinterest', 'tumblr', 'reddit']",15/06/2023,18:01:00,04:00,Hora Estándar del Atlántico,en,Key Facts to Understanding Reddit’s Recent API Updates,"['key', 'facts', 'understanding', 'reddit', 'recent', 'api', 'updates']",7,neutros,1
Investing in what makes Reddit unique: Introducing Contextual Keyword Targeting and Product Ads,"['facebook', 'twitter', 'pinterest', 'tumblr', 'reddit']",09/06/2023,08:00:00,04:00,Hora Estándar del Atlántico,en,Investing in what makes Reddit unique: Introducing Contextual Keyword Targeting and Product Ads,"['investing', 'makes', 'reddit', 'unique', 'introducing', 'contextual', 'keyword', 'targeting', 'product', 'ads']",10,positivos,2
Making It Easier to Participate in the Internet’s Best Conversations: Introducing New Ways to Share Reddit Content and Improved Embed Tooling for Publishers,"['facebook', 'twitter', 'pinterest', 'tumblr', 'reddit']",02/05/2023,12:00:00,04:00,Hora Estándar del Atlántico,en,Making It Easier to Participate in the Internet’s Best Conversations: Introducing New Ways to Share Reddit Content and Improved Embed Tooling for Publishers,"['making', 'easier', 'participate', 'internet', 'best', 'conversations', 'introducing', 'new', 'ways', 'share', 'reddit', 'content', 'improved', 'embed', 'tooling', 'publishers']",16,positivos,2
"Introducing Jim Squires, EVP of Business Marketing and Growth, and New Orgs","['facebook', 'twitter', 'pinterest', 'tumblr', 'reddit']",26/04/2023,08:00:00,04:00,Hora Estándar del Atlántico,en,"Introducing Jim Squires, EVP of Business Marketing and Growth, and New Orgs","['introducing', 'jim', 'squires', 'evp', 'business', 'marketing', 'growth', 'new', 'orgs']",9,neutros,1
Hallo Amsterdam! Announcing Reddit’s First Regional Sales Hub,"['facebook', 'twitter', 'pinterest', 'tumblr', 'reddit']",20/04/2023,03:00:00,04:00,Hora Estándar del Atlántico,en,Hallo Amsterdam! Announcing Reddit’s First Regional Sales Hub,"['hallo', 'amsterdam', 'announcing', 'reddit', 'first', 'regional', 'sales', 'hub']",8,positivos,2
Reddit Upvotes Cannes Lions for Another Year: We’re Back With an All-New Activation and All-New Research,"['facebook', 'twitter', 'pinterest', 'tumblr', 'reddit']",19/04/2023,06:00:00,04:00,Hora Estándar del Atlántico,en,Reddit Upvotes Cannes Lions for Another Year: We’re Back With an All-New Activation and All-New Research,"['reddit', 'upvotes', 'cannes', 'lions', 'another', 'year', 'back', 'all-new', 'activation', 'all-new', 'research']",11,positivos,2
Creating a Healthy Ecosystem for Reddit Data and Reddit Data API Access,"['facebook', 'twitter', 'pinterest', 'tumblr', 'reddit']",18/04/2023,11:56:00,04:00,Hora Estándar del Atlántico,en,Creating a Healthy Ecosystem for Reddit Data and Reddit Data API Access,"['creating', 'healthy', 'ecosystem', 'reddit', 'data', 'reddit', 'data', 'api', 'access']",9,positivos,2
Reddit's Independent Agency Program Expands with Strategic Partnerships,"['facebook', 'twitter', 'pinterest', 'tumblr', 'reddit']",13/04/2023,09:00:00,04:00,Hora Estándar del Atlántico,en,Reddit's Independent Agency Program Expands with Strategic Partnerships,"['reddit', 'independent', 'agency', 'program', 'expands', 'strategic', 'partnerships']",7,neutros,1
Find Your People Where Community Grows: Introducing Reddit Garten,"['facebook', 'twitter', 'pinterest', 'tumblr', 'reddit']",11/04/2023,03:00:00,04:00,Hora Estándar del Atlántico,en,Find Your People Where Community Grows: Introducing Reddit Garten,"['find', 'people', 'community', 'grows', 'introducing', 'reddit', 'garten']",7,positivos,2
Introducing Our 2022 Transparency Report and New Transparency Center,"['facebook', 'twitter', 'pinterest', 'tumblr', 'reddit']",29/03/2023,13:15:00,04:00,Hora Estándar del Atlántico,en,Introducing Our 2022 Transparency Report and New Transparency Center,"['introducing', 'transparency', 'report', 'new', 'transparency', 'center']",6,neutros,1
New Features Aimed at Making Reddit Easier to Use: An Update on Our Product Priorities Focused on Simplification,"['facebook', 'twitter', 'pinterest', 'tumblr', 'reddit']",07/03/2023,10:05:00,05:00,Hora Estándar del Este,en,New Features Aimed at Making Reddit Easier to Use: An Update on Our Product Priorities Focused on Simplification,"['new', 'features', 'aimed', 'making', 'reddit', 'easier', 'use', 'update', 'product', 'priorities', 'focused', 'simplification']",12,positivos,2
Section 230 Upholds the Internet for Everyday People,"['facebook', 'twitter', 'pinterest', 'tumblr', 'reddit']",22/02/2023,17:46:00,05:00,Hora Estándar del Este,en,Section 230 Upholds the Internet for Everyday People,"['section', 'upholds', 'internet', 'everyday', 'people']",5,neutros,1
Sharing Our Findings Around a Data Security Incident,"['facebook', 'twitter', 'pinterest', 'tumblr', 'reddit']",09/02/2023,14:42:00,05:00,Hora Estándar del Este,en,Sharing Our Findings Around a Data Security Incident,"['sharing', 'findings', 'around', 'data', 'security', 'incident']",6,neutros,1
Expanding Our Senior Leadership Team: Congratulations and Welcome!,"['facebook', 'twitter', 'pinterest', 'tumblr', 'reddit']",23/01/2023,07:00:00,05:00,Hora Estándar del Este,en,Expanding Our Senior Leadership Team: Congratulations and Welcome!,"['expanding', 'senior', 'leadership', 'team', 'congratulations', 'welcome']",6,positivos,2
Reddit and Omnicom Media Group Announce First-Ever Enterprise Partnership in Canada,"['facebook', 'twitter', 'pinterest', 'tumblr', 'reddit']",14/12/2022,09:00:00,05:00,Hora Estándar del Este,en,Reddit and Omnicom Media Group Announce First-Ever Enterprise Partnership in Canada,"['reddit', 'omnicom', 'media', 'group', 'announce', 'first-ever', 'enterprise', 'partnership', 'canada']",9,positivos,2
"Introducing Durgesh Kaushik, Reddit’s New VP of APAC and Emerging Markets Growth","['facebook', 'twitter', 'pinterest', 'tumblr', 'reddit']",12/12/2022,18:00:00,05:00,Hora Estándar del Este,en,"Introducing Durgesh Kaushik, Reddit’s New VP of APAC and Emerging Markets Growth","['introducing', 'durgesh', 'kaushik', 'reddit', 'new', 'vp', 'apac', 'emerging', 'markets', 'growth']",10,neutros,1
The Reddit Recap Experience Is Back and Available for All,"['facebook', 'twitter', 'pinterest', 'tumblr', 'reddit']",08/12/2022,08:00:00,05:00,Hora Estándar del Este,en,The Reddit Recap Experience Is Back and Available for All,"['reddit', 'recap', 'experience', 'back', 'available']",5,positivos,2
"Revealing This Year’s Reddit Recap, Where We Highlight How Redditors Kept It Real in 2022","['facebook', 'twitter', 'pinterest', 'tumblr', 'reddit']",08/12/2022,08:00:00,05:00,Hora Estándar del Este,en,"Revealing This Year’s Reddit Recap, Where We Highlight How Redditors Kept It Real in 2022","['revealing', 'year', 'reddit', 'recap', 'highlight', 'redditors', 'kept', 'real']",8,neutros,1
The Future Is Bright: Unveiling New Research and Our First-Ever Activation at CES 2023,"['facebook', 'twitter', 'pinterest', 'tumblr', 'reddit']",01/12/2022,06:00:00,05:00,Hora Estándar del Este,en,The Future Is Bright: Unveiling New Research and Our First-Ever Activation at CES 2023,"['future', 'bright', 'unveiling', 'new', 'research', 'first-ever', 'activation', 'ces']",8,positivos,2
Strengthening our Ads Business Leadership,"['facebook', 'twitter', 'pinterest', 'tumblr', 'reddit']",15/11/2022,06:00:00,05:00,Hora Estándar del Este,en,Strengthening our Ads Business Leadership,"['strengthening', 'ads', 'business', 'leadership']",4,positivos,2
Reddit Welcomes Dave Habiger to Board of Directors,"['facebook', 'twitter', 'pinterest', 'tumblr', 'reddit']",04/11/2022,10:00:00,04:00,Hora Estándar del Atlántico,en,Reddit Welcomes Dave Habiger to Board of Directors,"['reddit', 'welcomes', 'dave', 'habiger', 'board', 'directors']",6,positivos,2
Announcing Our First Alpha Partners as We Build Out Reddit’s Marketing API Ecosystem,"['facebook', 'twitter', 'pinterest', 'tumblr', 'reddit']",27/10/2022,07:00:00,04:00,Hora Estándar del Atlántico,en,Announcing Our First Alpha Partners as We Build Out Reddit’s Marketing API Ecosystem,"['announcing', 'first', 'alpha', 'partners', 'build', 'reddit', 'marketing', 'api', 'ecosystem']",9,neutros,1
"Introducing EK Chung, Reddit’s New Vice President of User Experience","['facebook', 'twitter', 'pinterest', 'tumblr', 'reddit']",24/10/2022,12:00:00,04:00,Hora Estándar del Atlántico,en,"Introducing EK Chung, Reddit’s New Vice President of User Experience","['introducing', 'ek', 'chung', 'reddit', 'new', 'vice', 'president', 'user', 'experience']",9,neutros,1
Oterlu Team Joins Reddit to Accelerate Safety Efforts,"['facebook', 'twitter', 'pinterest', 'tumblr', 'reddit']",04/10/2022,09:05:00,04:00,Hora Estándar del Atlántico,en,Oterlu Team Joins Reddit to Accelerate Safety Efforts,"['oterlu', 'team', 'joins', 'reddit', 'accelerate', 'safety', 'efforts']",7,positivos,2
Hispanic Heritage Month Celebrations at Reddit,"['facebook', 'twitter', 'pinterest', 'tumblr', 'reddit']",16/09/2022,13:29:00,04:00,Hora Estándar del Atlántico,en,Hispanic Heritage Month Celebrations at Reddit,"['hispanic', 'heritage', 'month', 'celebrations', 'reddit']",5,positivos,2
Supporting Safe & Fair Elections on Reddit,"['facebook', 'twitter', 'pinterest', 'tumblr', 'reddit']",14/09/2022,12:00:00,04:00,Hora Estándar del Atlántico,en,Supporting Safe & Fair Elections on Reddit,"['supporting', 'safe', 'fair', 'elections', 'reddit']",5,positivos,2
Reddit Acquires Spiketrap,"['facebook', 'twitter', 'pinterest', 'tumblr', 'reddit']",01/09/2022,08:00:00,04:00,Hora Estándar del Atlántico,en,Reddit Acquires Spiketrap,"['reddit', 'acquires', 'spiketrap']",3,neutros,1
Growing Our Executive Team with New Leaders,"['facebook', 'twitter', 'pinterest', 'tumblr', 'reddit']",29/08/2022,12:30:00,04:00,Hora Estándar del Atlántico,en,Growing Our Executive Team with New Leaders,"['growing', 'executive', 'team', 'new', 'leaders']",5,positivos,2
Coming Soon: Reddit Developer Platform,"['facebook', 'twitter', 'pinterest', 'tumblr', 'reddit']",17/08/2022,12:00:00,04:00,Hora Estándar del Atlántico,en,Coming Soon: Reddit Developer Platform,"['coming', 'soon', 'reddit', 'developer', 'platform']",5,neutros,1
Reddit Turns One Down Under,"['facebook', 'twitter', 'pinterest', 'tumblr', 'reddit']",18/07/2022,10:00:00,04:00,Hora Estándar del Atlántico,en,Reddit Turns One Down Under,"['reddit', 'turns', 'one']",3,negativos,3
As Told by Reddit: Underrated UK Staycation Spots,"['facebook', 'twitter', 'pinterest', 'tumblr', 'reddit']",13/07/2022,04:00:00,04:00,Hora Estándar del Atlántico,en,As Told by Reddit: Underrated UK Staycation Spots,"['told', 'reddit', 'underrated', 'uk', 'staycation', 'spots']",6,neutros,1
Blockchain-Backed Collectible Avatars Coming to Reddit via New Storefront,"['facebook', 'twitter', 'pinterest', 'tumblr', 'reddit']",07/07/2022,08:00:00,04:00,Hora Estándar del Atlántico,en,Blockchain-Backed Collectible Avatars Coming to Reddit via New Storefront,"['blockchain-backed', 'collectible', 'avatars', 'coming', 'reddit', 'via', 'new', 'storefront']",8,neutros,1
The 2022 Midterms On Reddit,"['facebook', 'twitter', 'pinterest', 'tumblr', 'reddit']",01/07/2022,17:26:00,04:00,Hora Estándar del Atlántico,en,The 2022 Midterms On Reddit,"['midterms', 'reddit']",2,neutros,1
"Reddit Acquires Natural Language Processing Company, MeaningCloud, Marking First Reddit Office in Spain","['facebook', 'twitter', 'pinterest', 'tumblr', 'reddit']",01/07/2022,06:00:00,04:00,Hora Estándar del Atlántico,en,"Reddit Acquires Natural Language Processing Company, MeaningCloud, Marking First Reddit Office in Spain","['reddit', 'acquires', 'natural', 'language', 'processing', 'company', 'meaningcloud', 'marking', 'first', 'reddit', 'office', 'spain']",12,neutros,1
PRIDE Month Celebrations at Reddit,"['facebook', 'twitter', 'pinterest', 'tumblr', 'reddit']",30/06/2022,13:26:00,04:00,Hora Estándar del Atlántico,en,PRIDE Month Celebrations at Reddit,"['pride', 'month', 'celebrations', 'reddit']",4,positivos,2
Reddit Launches the First-Ever Reddology Guide to Help People Connect to the Communities That Matter to Them Based on Their Astrological Sign,"['facebook', 'twitter', 'pinterest', 'tumblr', 'reddit']",29/06/2022,13:05:00,04:00,Hora Estándar del Atlántico,en,Reddit Launches the First-Ever Reddology Guide to Help People Connect to the Communities That Matter to Them Based on Their Astrological Sign,"['reddit', 'launches', 'first-ever', 'reddology', 'guide', 'help', 'people', 'connect', 'communities', 'matter', 'based', 'astrological', 'sign']",13,positivos,2
Reddit Acquires Machine-Learning Platform Spell,"['facebook', 'twitter', 'pinterest', 'tumblr', 'reddit']",16/06/2022,11:00:00,04:00,Hora Estándar del Atlántico,en,Reddit Acquires Machine-Learning Platform Spell,"['reddit', 'acquires', 'machine-learning', 'platform', 'spell']",5,neutros,1
Reddit and DoubleVerify Announce Partnership to Empower Advertisers With Full Suite Third-Party Ad Measurement Tools,"['facebook', 'twitter', 'pinterest', 'tumblr', 'reddit']",16/06/2022,08:00:00,04:00,Hora Estándar del Atlántico,en,Reddit and DoubleVerify Announce Partnership to Empower Advertisers With Full Suite Third-Party Ad Measurement Tools,"['reddit', 'doubleverify', 'announce', 'partnership', 'empower', 'advertisers', 'full', 'suite', 'third-party', 'ad', 'measurement', 'tools']",12,positivos,2
Introducing Reddit’s Explorers Club at Cannes Lions International Festival of Creativity,"['facebook', 'twitter', 'pinterest', 'tumblr', 'reddit']",09/06/2022,09:00:00,04:00,Hora Estándar del Atlántico,en,Introducing Reddit’s Explorers Club at Cannes Lions International Festival of Creativity,"['introducing', 'reddit', 'explorers', 'club', 'cannes', 'lions', 'international', 'festival', 'creativity']",9,neutros,1
Finding Balance and Supporting Mental Health at Reddit,"['facebook', 'twitter', 'pinterest', 'tumblr', 'reddit']",17/05/2022,13:03:00,04:00,Hora Estándar del Atlántico,en,Finding Balance and Supporting Mental Health at Reddit,"['finding', 'balance', 'supporting', 'mental', 'health', 'reddit']",6,neutros,1
Reddit Pulls Love Island Fans For a Chat!,"['facebook', 'twitter', 'pinterest', 'tumblr', 'reddit']",16/05/2022,05:00:00,04:00,Hora Estándar del Atlántico,en,Reddit Pulls Love Island Fans For a Chat!,"['reddit', 'pulls', 'love', 'island', 'fans', 'chat']",6,neutros,1
"Welcoming Adriel Frederick, as Vice President of Product, and Announcing Reddit X","['facebook', 'twitter', 'pinterest', 'tumblr', 'reddit']",10/05/2022,13:00:00,04:00,Hora Estándar del Atlántico,en,"Welcoming Adriel Frederick, as Vice President of Product, and Announcing Reddit X","['welcoming', 'adriel', 'frederick', 'vice', 'president', 'product', 'announcing', 'reddit', 'x']",9,positivos,2
AAPI Heritage Month: Renew & Rebuild the Community,"['facebook', 'twitter', 'pinterest', 'tumblr', 'reddit']",02/05/2022,09:48:00,04:00,Hora Estándar del Atlántico,en,AAPI Heritage Month: Renew & Rebuild the Community,"['aapi', 'heritage', 'month', 'renew', 'rebuild', 'community']",6,neutros,1
Bringing Community Ideas to Life with Community Funds,"['facebook', 'twitter', 'pinterest', 'tumblr', 'reddit']",25/04/2022,13:00:00,04:00,Hora Estándar del Atlántico,en,Bringing Community Ideas to Life with Community Funds,"['bringing', 'community', 'ideas', 'life', 'community', 'funds']",6,positivos,2
"New on Reddit: Comment Search, Improved Search Results Relevance, Updated Search Design","['facebook', 'twitter', 'pinterest', 'tumblr', 'reddit']",14/04/2022,08:00:00,04:00,Hora Estándar del Atlántico,en,"New on Reddit: Comment Search, Improved Search Results Relevance, Updated Search Design","['new', 'reddit', 'comment', 'search', 'improved', 'search', 'results', 'relevance', 'updated', 'search', 'design']",11,positivos,2
The Day Redditors Broke the Internet… Again,"['facebook', 'twitter', 'pinterest', 'tumblr', 'reddit']",07/04/2022,09:00:00,04:00,Hora Estándar del Atlántico,en,The Day Redditors Broke the Internet… Again,"['day', 'redditors', 'broke', 'internet']",4,negativos,3
"Reddit Celebrates One Year in Canada, eh?","['facebook', 'twitter', 'pinterest', 'tumblr', 'reddit']",07/04/2022,08:00:00,04:00,Hora Estándar del Atlántico,en,"Reddit Celebrates One Year in Canada, eh?","['reddit', 'celebrates', 'one', 'year', 'canada', 'eh']",6,positivos,2
April Fools’ on Reddit is No Joke: Bringing Back r/place,"['facebook', 'twitter', 'pinterest', 'tumblr', 'reddit']",28/03/2022,08:00:00,04:00,Hora Estándar del Atlántico,en,April Fools’ on Reddit is No Joke: Bringing Back r/place,"['april', 'fools', 'reddit', 'joke', 'bringing', 'back', 'r', 'place']",8,negativos,3
Reddit and WPP Announce Multi-Year Commerce Advisory Partnership,"['facebook', 'twitter', 'pinterest', 'tumblr', 'reddit']",16/03/2022,08:00:00,04:00,Hora Estándar del Atlántico,en,Reddit and WPP Announce Multi-Year Commerce Advisory Partnership,"['reddit', 'wpp', 'announce', 'multi-year', 'commerce', 'advisory', 'partnership']",7,neutros,1
Celebrating Women Every Day at Reddit,"['facebook', 'twitter', 'pinterest', 'tumblr', 'reddit']",15/03/2022,13:38:00,04:00,Hora Estándar del Atlántico,en,Celebrating Women Every Day at Reddit,"['celebrating', 'women', 'every', 'day', 'reddit']",5,positivos,2
Reddit and IPG Mediabrands Announce First Global Enterprise Partnership Agreement,"['facebook', 'twitter', 'pinterest', 'tumblr', 'reddit']",03/03/2022,05:00:00,05:00,Hora Estándar del Este,en,Reddit and IPG Mediabrands Announce First Global Enterprise Partnership Agreement,"['reddit', 'ipg', 'mediabrands', 'announce', 'first', 'global', 'enterprise', 'partnership', 'agreement']",9,positivos,2
Supporting Ukraine and Our Community,"['facebook', 'twitter', 'pinterest', 'tumblr', 'reddit']",02/03/2022,19:03:00,05:00,Hora Estándar del Este,en,Supporting Ukraine and Our Community,"['supporting', 'ukraine', 'community']",3,positivos,2
Celebrating Black History Month,"['facebook', 'twitter', 'pinterest', 'tumblr', 'reddit']",28/02/2022,15:09:00,05:00,Hora Estándar del Este,en,Celebrating Black History Month,"['celebrating', 'black', 'history', 'month']",4,positivos,2
"Introducing Our Discover Tab – A New Way to Find Content, Conversations, and Communities on Reddit","['facebook', 'twitter', 'pinterest', 'tumblr', 'reddit']",24/02/2022,08:00:00,05:00,Hora Estándar del Este,en,"Introducing Our Discover Tab – A New Way to Find Content, Conversations, and Communities on Reddit","['introducing', 'discover', 'tab', 'new', 'way', 'find', 'content', 'conversations', 'communities', 'reddit']",10,positivos,2
Sharing Our Community Values,"['facebook', 'twitter', 'pinterest', 'tumblr', 'reddit']",23/02/2022,14:12:00,05:00,Hora Estándar del Este,en,Sharing Our Community Values,"['sharing', 'community', 'values']",3,positivos,2
"Adding New Features to Reddit Talk: Recording Function, Web Experiences, Comments and Emojis, and Live Bar","['facebook', 'twitter', 'pinterest', 'tumblr', 'reddit']",09/02/2022,12:00:00,05:00,Hora Estándar del Este,en,"Adding New Features to Reddit Talk: Recording Function, Web Experiences, Comments and Emojis, and Live Bar","['adding', 'new', 'features', 'reddit', 'talk', 'recording', 'function', 'web', 'experiences', 'comments', 'emojis', 'live', 'bar']",13,positivos,2
Sharing Our Company Values,"['facebook', 'twitter', 'pinterest', 'tumblr', 'reddit']",31/01/2022,11:43:00,05:00,Hora Estándar del Este,en,Sharing Our Company Values,"['sharing', 'company', 'values']",3,positivos,2
Introducing New Members to Our Executive Leadership Team,"['facebook', 'twitter', 'pinterest', 'tumblr', 'reddit']",24/01/2022,13:25:00,05:00,Hora Estándar del Este,en,Introducing New Members to Our Executive Leadership Team,"['introducing', 'new', 'members', 'executive', 'leadership', 'team']",6,neutros,1
Update to Reddit’s Board of Directors,"['facebook', 'twitter', 'pinterest', 'tumblr', 'reddit']",10/01/2022,08:00:00,05:00,Hora Estándar del Este,en,Update to Reddit’s Board of Directors,"['update', 'reddit', 'board', 'directors']",4,neutros,1
Reddit Announces Confidential Submission of Draft Registration Statement Related to Proposed Public Offering,"['facebook', 'twitter', 'pinterest', 'tumblr', 'reddit']",15/12/2021,21:08:00,05:00,Hora Estándar del Este,en,Reddit Announces Confidential Submission of Draft Registration Statement Related to Proposed Public Offering,"['reddit', 'announces', 'confidential', 'submission', 'draft', 'registration', 'statement', 'related', 'proposed', 'public', 'offering']",11,neutros,1
Introducing New Features to Make Reddit Look and Feel More Lively and In-The-Moment,"['facebook', 'twitter', 'pinterest', 'tumblr', 'reddit']",01/12/2021,11:00:00,05:00,Hora Estándar del Este,en,Introducing New Features to Make Reddit Look and Feel More Lively and In-The-Moment,"['introducing', 'new', 'features', 'make', 'reddit', 'look', 'feel', 'lively', 'in-the-moment']",9,positivos,2
Bringing More of Dubsmash to Reddit by Launching New Video Features,"['facebook', 'twitter', 'pinterest', 'tumblr', 'reddit']",23/11/2021,11:00:00,05:00,Hora Estándar del Este,en,Bringing More of Dubsmash to Reddit by Launching New Video Features,"['bringing', 'dubsmash', 'reddit', 'launching', 'new', 'video', 'features']",7,positivos,2
Reddit and Riot Games Partner to Introduce Avatars for Upcoming League of Legends Show: Arcane,"['facebook', 'twitter', 'pinterest', 'tumblr', 'reddit']",01/11/2021,11:00:00,04:00,Hora Estándar del Atlántico,en,Reddit and Riot Games Partner to Introduce Avatars for Upcoming League of Legends Show: Arcane,"['reddit', 'riot', 'games', 'partner', 'introduce', 'avatars', 'upcoming', 'league', 'legends', 'show', 'arcane']",11,positivos,2
Join Us in Supporting Extra Life — A Charity Gaming Marathon Benefiting Children’s Hospitals!,"['facebook', 'twitter', 'pinterest', 'tumblr', 'reddit']",30/10/2021,15:00:00,04:00,Hora Estándar del Atlántico,en,Join Us in Supporting Extra Life — A Charity Gaming Marathon Benefiting Children’s Hospitals!,"['join', 'us', 'supporting', 'extra', 'life', 'charity', 'gaming', 'marathon', 'benefiting', 'children', 'hospitals']",11,positivos,2
Hallo and Guten Tag! Reddit Is Coming to Germany,"['facebook', 'twitter', 'pinterest', 'tumblr', 'reddit']",26/10/2021,02:00:00,04:00,Hora Estándar del Atlántico,en,Hallo and Guten Tag! Reddit Is Coming to Germany,"['hallo', 'guten', 'tag', 'reddit', 'coming', 'germany']",6,positivos,2
"Reddit and Adobe Join Forces Once Again to Launch All-New, Original Event: Photoshop Battles Live","['facebook', 'twitter', 'pinterest', 'tumblr', 'reddit']",18/10/2021,08:00:00,04:00,Hora Estándar del Atlántico,en,"Reddit and Adobe Join Forces Once Again to Launch All-New, Original Event: Photoshop Battles Live","['reddit', 'adobe', 'join', 'forces', 'launch', 'all-new', 'original', 'event', 'photoshop', 'battles', 'live']",11,neutros,1
A New Way to Interact on Reddit: Predictions,"['facebook', 'twitter', 'pinterest', 'tumblr', 'reddit']",13/10/2021,11:00:00,04:00,Hora Estándar del Atlántico,en,A New Way to Interact on Reddit: Predictions,"['new', 'way', 'interact', 'reddit', 'predictions']",5,neutros,1
"Introducing Pali Bhat, Reddit’s First Chief Product Officer","['facebook', 'twitter', 'pinterest', 'tumblr', 'reddit']",11/10/2021,08:00:00,04:00,Hora Estándar del Atlántico,en,"Introducing Pali Bhat, Reddit’s First Chief Product Officer","['introducing', 'pali', 'bhat', 'reddit', 'first', 'chief', 'product', 'officer']",8,neutros,1
London Calling: One Year On,"['facebook', 'twitter', 'pinterest', 'tumblr', 'reddit']",21/09/2021,02:00:00,04:00,Hora Estándar del Atlántico,en,London Calling: One Year On,"['london', 'calling', 'one', 'year']",4,neutros,1
"Introducing Michelle Reynolds, Reddit’s Chief Accounting Officer","['facebook', 'twitter', 'pinterest', 'tumblr', 'reddit']",08/09/2021,00:00:00,04:00,Hora Estándar del Atlántico,en,"Introducing Michelle Reynolds, Reddit’s Chief Accounting Officer","['introducing', 'michelle', 'reynolds', 'reddit', 'chief', 'accounting', 'officer']",7,neutros,1
Reddit Launches Conversation Placement for Advertisers to Reach Users When They are Most Engaged,"['facebook', 'twitter', 'pinterest', 'tumblr', 'reddit']",02/09/2021,05:00:00,04:00,Hora Estándar del Atlántico,en,Reddit Launches Conversation Placement for Advertisers to Reach Users When They are Most Engaged,"['reddit', 'launches', 'conversation', 'placement', 'advertisers', 'reach', 'users', 'engaged']",8,neutros,1
"Introducing Jonathan Flesher, Reddit’s VP of Business Development","['facebook', 'twitter', 'pinterest', 'tumblr', 'reddit']",18/08/2021,00:00:00,04:00,Hora Estándar del Atlántico,en,"Introducing Jonathan Flesher, Reddit’s VP of Business Development","['introducing', 'jonathan', 'flesher', 'reddit', 'vp', 'business', 'development']",7,neutros,1
Reddit Secures Funding to Continue Growth Plans,"['facebook', 'twitter', 'pinterest', 'tumblr', 'reddit']",12/08/2021,00:00:00,04:00,Hora Estándar del Atlántico,en,Reddit Secures Funding to Continue Growth Plans,"['reddit', 'secures', 'funding', 'continue', 'growth', 'plans']",6,positivos,2
"Introducing Timo Pelz, Reddit’s VP of Business Marketing","['facebook', 'twitter', 'pinterest', 'tumblr', 'reddit']",02/08/2021,00:00:00,04:00,Hora Estándar del Atlántico,en,"Introducing Timo Pelz, Reddit’s VP of Business Marketing","['introducing', 'timo', 'pelz', 'reddit', 'vp', 'business', 'marketing']",7,neutros,1
Reddit Upvotes The Land Down Under,"['facebook', 'twitter', 'pinterest', 'tumblr', 'reddit']",11/07/2021,00:00:00,04:00,Hora Estándar del Atlántico,en,Reddit Upvotes The Land Down Under,"['reddit', 'upvotes', 'land']",3,neutros,1
Reddit’s Cultural DNA: A Year Look Back and Onward,"['facebook', 'twitter', 'pinterest', 'tumblr', 'reddit']",01/06/2021,00:00:00,04:00,Hora Estándar del Atlántico,en,Reddit’s Cultural DNA: A Year Look Back and Onward,"['reddit', 'cultural', 'dna', 'year', 'look', 'back', 'onward']",7,neutros,1
Introducing Reddit’s First In-House Creative Strategy Agency for Advertisers: KarmaLab,"['facebook', 'twitter', 'pinterest', 'tumblr', 'reddit']",13/05/2021,00:00:00,04:00,Hora Estándar del Atlántico,en,Introducing Reddit’s First In-House Creative Strategy Agency for Advertisers: KarmaLab,"['introducing', 'reddit', 'first', 'in-house', 'creative', 'strategy', 'agency', 'advertisers', 'karmalab']",9,neutros,1
Reddit Sets Up Shop in Canada,"['facebook', 'twitter', 'pinterest', 'tumblr', 'reddit']",29/03/2021,00:00:00,04:00,Hora Estándar del Atlántico,en,Reddit Sets Up Shop in Canada,"['reddit', 'sets', 'shop', 'canada']",4,neutros,1
"Introducing Laura Nestler, Reddit’s VP of Community","['facebook', 'twitter', 'pinterest', 'tumblr', 'reddit']",22/03/2021,00:00:00,04:00,Hora Estándar del Atlántico,en,"Introducing Laura Nestler, Reddit’s VP of Community","['introducing', 'laura', 'nestler', 'reddit', 'vp', 'community']",6,neutros,1
Reddit and Omnicom Media Group Announce Flagship Enterprise Partnership Agreement,"['facebook', 'twitter', 'pinterest', 'tumblr', 'reddit']",11/03/2021,00:00:00,05:00,Hora Estándar del Este,en,Reddit and Omnicom Media Group Announce Flagship Enterprise Partnership Agreement,"['reddit', 'omnicom', 'media', 'group', 'announce', 'flagship', 'enterprise', 'partnership', 'agreement']",9,positivos,2
Standing with our AAPI Community,"['facebook', 'twitter', 'pinterest', 'tumblr', 'reddit']",09/03/2021,00:00:00,05:00,Hora Estándar del Este,en,Standing with our AAPI Community,"['standing', 'aapi', 'community']",3,positivos,2
"Introducing Drew Vollero, Reddit’s Chief Financial Officer","['facebook', 'twitter', 'pinterest', 'tumblr', 'reddit']",05/03/2021,00:00:00,05:00,Hora Estándar del Este,en,"Introducing Drew Vollero, Reddit’s Chief Financial Officer","['introducing', 'drew', 'vollero', 'reddit', 'chief', 'financial', 'officer']",7,neutros,1
Diving into Super Bowl LV Chatter on Reddit,"['facebook', 'twitter', 'pinterest', 'tumblr', 'reddit']",08/02/2021,00:00:00,05:00,Hora Estándar del Este,en,Diving into Super Bowl LV Chatter on Reddit,"['diving', 'super', 'bowl', 'lv', 'chatter', 'reddit']",6,neutros,1
Introducing a New Reddit AMA Series: Everything You Want to Know About COVID-19 Vaccines,"['facebook', 'twitter', 'pinterest', 'tumblr', 'reddit']",28/01/2021,00:00:00,05:00,Hora Estándar del Este,en,Introducing a New Reddit AMA Series: Everything You Want to Know About COVID-19 Vaccines,"['introducing', 'new', 'reddit', 'ama', 'series', 'everything', 'want', 'know', 'covid-19', 'vaccines']",10,neutros,1
"Reddit and Oracle Data Cloud Team Up to Provide Independent, Third-Party Verification Around Reddit Ad Views","['facebook', 'twitter', 'pinterest', 'tumblr', 'reddit']",16/12/2020,00:00:00,05:00,Hora Estándar del Este,en,"Reddit and Oracle Data Cloud Team Up to Provide Independent, Third-Party Verification Around Reddit Ad Views","['reddit', 'oracle', 'data', 'cloud', 'team', 'provide', 'independent', 'third-party', 'verification', 'around', 'reddit', 'ad', 'views']",13,positivos,2
Reddit Welcomes Video Platform Dubsmash to Team,"['facebook', 'twitter', 'pinterest', 'tumblr', 'reddit']",13/12/2020,00:00:00,05:00,Hora Estándar del Este,en,Reddit Welcomes Video Platform Dubsmash to Team,"['reddit', 'welcomes', 'video', 'platform', 'dubsmash', 'team']",6,positivos,2
Reddit’s 2020 Year in Review – Community Reflections,"['facebook', 'twitter', 'pinterest', 'tumblr', 'reddit']",08/12/2020,00:00:00,05:00,Hora Estándar del Este,en,Reddit’s 2020 Year in Review – Community Reflections,"['reddit', 'year', 'review', 'community', 'reflections']",5,neutros,1
Reddit’s 2020 UK Year in Review,"['facebook', 'twitter', 'pinterest', 'tumblr', 'reddit']",08/12/2020,00:00:00,05:00,Hora Estándar del Este,en,Reddit’s 2020 UK Year in Review,"['reddit', 'uk', 'year', 'review']",4,neutros,1
Reddit Welcomes Paula Price to Board of Directors,"['facebook', 'twitter', 'pinterest', 'tumblr', 'reddit']",20/11/2020,00:00:00,05:00,Hora Estándar del Este,en,Reddit Welcomes Paula Price to Board of Directors,"['reddit', 'welcomes', 'paula', 'price', 'board', 'directors']",6,positivos,2
Evolving Reddit’s Workforce,"['facebook', 'twitter', 'pinterest', 'tumblr', 'reddit']",27/10/2020,00:00:00,04:00,Hora Estándar del Atlántico,en,Evolving Reddit’s Workforce,"['evolving', 'reddit', 'workforce']",3,neutros,1
The Internet’s Largest Collaborative Canvas Returns to Reddit with r/Layer ‘Season Two’ in Partnership with Adobe,"['facebook', 'twitter', 'pinterest', 'tumblr', 'reddit']",19/10/2020,00:00:00,04:00,Hora Estándar del Atlántico,en,The Internet’s Largest Collaborative Canvas Returns to Reddit with r/Layer ‘Season Two’ in Partnership with Adobe,"['internet', 'largest', 'collaborative', 'canvas', 'returns', 'reddit', 'r', 'layer', 'season', 'two', 'partnership', 'adobe']",12,neutros,1
Reddit Launches London Operation with Mission to Grow UK Community and Advertising Business,"['facebook', 'twitter', 'pinterest', 'tumblr', 'reddit']",28/09/2020,00:00:00,04:00,Hora Estándar del Atlántico,en,Reddit Launches London Operation with Mission to Grow UK Community and Advertising Business,"['reddit', 'launches', 'london', 'operation', 'mission', 'grow', 'uk', 'community', 'advertising', 'business']",10,neutros,1
Introducing Inventory Types,"['facebook', 'twitter', 'pinterest', 'tumblr', 'reddit']",24/09/2020,00:00:00,04:00,Hora Estándar del Atlántico,en,Introducing Inventory Types,"['introducing', 'inventory', 'types']",3,neutros,1
Up the Vote: Reddit’s IRL 2020 Voting Campaign,"['facebook', 'twitter', 'pinterest', 'tumblr', 'reddit']",29/07/2020,00:00:00,04:00,Hora Estándar del Atlántico,en,Up the Vote: Reddit’s IRL 2020 Voting Campaign,"['vote', 'reddit', 'irl', 'voting', 'campaign']",5,neutros,1
Introducing Reddit Image Galleries,"['facebook', 'twitter', 'pinterest', 'tumblr', 'reddit']",15/07/2020,00:00:00,04:00,Hora Estándar del Atlántico,en,Introducing Reddit Image Galleries,"['introducing', 'reddit', 'image', 'galleries']",4,neutros,1
Reddit Welcomes Michael Seibel to Board of Directors,"['facebook', 'twitter', 'pinterest', 'tumblr', 'reddit']",10/06/2020,00:00:00,04:00,Hora Estándar del Atlántico,en,Reddit Welcomes Michael Seibel to Board of Directors,"['reddit', 'welcomes', 'michael', 'seibel', 'board', 'directors']",6,positivos,2
Remember the Human – Black Lives Matter,"['facebook', 'twitter', 'pinterest', 'tumblr', 'reddit']",01/06/2020,00:00:00,04:00,Hora Estándar del Atlántico,en,Remember the Human – Black Lives Matter,"['remember', 'human', 'black', 'lives', 'matter']",5,neutros,1
How Reddit is Supporting its Snoos During COVID-19,"['facebook', 'twitter', 'pinterest', 'tumblr', 'reddit']",26/05/2020,00:00:00,04:00,Hora Estándar del Atlántico,en,How Reddit is Supporting its Snoos During COVID-19,"['reddit', 'supporting', 'snoos', 'covid-19']",4,neutros,1
Reddit Announces First Gaming Data Partnership with Newzoo,"['facebook', 'twitter', 'pinterest', 'tumblr', 'reddit']",30/04/2020,00:00:00,04:00,Hora Estándar del Atlántico,en,Reddit Announces First Gaming Data Partnership with Newzoo,"['reddit', 'announces', 'first', 'gaming', 'data', 'partnership', 'newzoo']",7,neutros,1
It’s Census Day in the US. Here’s What You Need To Know.,"['facebook', 'twitter', 'pinterest', 'tumblr', 'reddit']",31/03/2020,00:00:00,04:00,Hora Estándar del Atlántico,en,It’s Census Day in the US. Here’s What You Need To Know.,"['census', 'day', 'us', 'need', 'know']",5,neutros,1
"Introducing Reddit Polls, An All-New Post Type","['facebook', 'twitter', 'pinterest', 'tumblr', 'reddit']",24/03/2020,00:00:00,04:00,Hora Estándar del Atlántico,en,"Introducing Reddit Polls, An All-New Post Type","['introducing', 'reddit', 'polls', 'all-new', 'post', 'type']",6,neutros,1
Introducing Reddit’s New Offering for Advertisers: Trending Takeover,"['facebook', 'twitter', 'pinterest', 'tumblr', 'reddit']",09/03/2020,00:00:00,04:00,Hora Estándar del Atlántico,en,Introducing Reddit’s New Offering for Advertisers: Trending Takeover,"['introducing', 'reddit', 'new', 'offering', 'advertisers', 'trending', 'takeover']",7,neutros,1
Women Around the World Find Community on Reddit,"['facebook', 'twitter', 'pinterest', 'tumblr', 'reddit']",05/03/2020,00:00:00,05:00,Hora Estándar del Este,en,Women Around the World Find Community on Reddit,"['women', 'around', 'world', 'find', 'community', 'reddit']",6,neutros,1
Reddit’s Partnership with Crisis Text Line,"['facebook', 'twitter', 'pinterest', 'tumblr', 'reddit']",04/03/2020,00:00:00,05:00,Hora Estándar del Este,en,Reddit’s Partnership with Crisis Text Line,"['reddit', 'partnership', 'crisis', 'text', 'line']",5,neutros,1
Expert Conversation on Coronavirus,"['facebook', 'twitter', 'pinterest', 'tumblr', 'reddit']",02/03/2020,00:00:00,05:00,Hora Estándar del Este,en,Expert Conversation on Coronavirus,"['expert', 'conversation', 'coronavirus']",3,neutros,1
"Introducing Nellie Peshkov, Reddit’s VP of People & Culture","['facebook', 'twitter', 'pinterest', 'tumblr', 'reddit']",07/02/2020,00:00:00,05:00,Hora Estándar del Este,en,"Introducing Nellie Peshkov, Reddit’s VP of People & Culture","['introducing', 'nellie', 'peshkov', 'reddit', 'vp', 'people', 'culture']",7,neutros,1
One-to-One and Subreddit Chat: It’s Finally Here,"['facebook', 'twitter', 'pinterest', 'tumblr', 'reddit']",03/02/2020,00:00:00,05:00,Hora Estándar del Este,en,One-to-One and Subreddit Chat: It’s Finally Here,"['one-to-one', 'subreddit', 'chat', 'finally']",4,positivos,2
Reddit To Launch AMA Series Heading Into Tokyo 2020 Olympic and Paralympic Games,"['facebook', 'twitter', 'pinterest', 'tumblr', 'reddit']",27/01/2020,00:00:00,05:00,Hora Estándar del Este,en,Reddit To Launch AMA Series Heading Into Tokyo 2020 Olympic and Paralympic Games,"['reddit', 'launch', 'ama', 'series', 'heading', 'tokyo', 'olympic', 'paralympic', 'games']",9,neutros,1
Xbox and Reddit Link Up,"['facebook', 'twitter', 'pinterest', 'tumblr', 'reddit']",17/12/2019,00:00:00,05:00,Hora Estándar del Este,en,Xbox and Reddit Link Up,"['xbox', 'reddit', 'link']",3,neutros,1
Reddit’s 2019 Year in Review,"['facebook', 'twitter', 'pinterest', 'tumblr', 'reddit']",04/12/2019,00:00:00,05:00,Hora Estándar del Este,en,Reddit’s 2019 Year in Review,"['reddit', 'year', 'review']",3,neutros,1
In Support of the Contract for the Web,"['facebook', 'twitter', 'pinterest', 'tumblr', 'reddit']",25/11/2019,00:00:00,05:00,Hora Estándar del Este,en,In Support of the Contract for the Web,"['support', 'contract', 'web']",3,neutros,1
Join Us In Supporting Extra Life — A 24-Hour Gaming Marathon Benefiting Children’s Hospitals!,"['facebook', 'twitter', 'pinterest', 'tumblr', 'reddit']",23/10/2019,00:00:00,04:00,Hora Estándar del Atlántico,en,Join Us In Supporting Extra Life — A 24-Hour Gaming Marathon Benefiting Children’s Hospitals!,"['join', 'us', 'supporting', 'extra', 'life', '24-hour', 'gaming', 'marathon', 'benefiting', 'children', 'hospitals']",11,positivos,2
Hearing on “Fostering a Healthier Internet to Protect Consumers”,"['facebook', 'twitter', 'pinterest', 'tumblr', 'reddit']",16/10/2019,00:00:00,04:00,Hora Estándar del Atlántico,en,Hearing on “Fostering a Healthier Internet to Protect Consumers”,"['hearing', 'fostering', 'healthier', 'internet', 'protect', 'consumers']",6,positivos,2
New Snapchat Integration Enables Direct Sharing of Reddit Content,"['facebook', 'twitter', 'pinterest', 'tumblr', 'reddit']",14/10/2019,00:00:00,04:00,Hora Estándar del Atlántico,en,New Snapchat Integration Enables Direct Sharing of Reddit Content,"['new', 'snapchat', 'integration', 'enables', 'direct', 'sharing', 'reddit', 'content']",8,positivos,2
"Introducing Benjamin Lee, Reddit’s VP and General Counsel in Executive","['facebook', 'twitter', 'pinterest', 'tumblr', 'reddit']",07/10/2019,00:00:00,04:00,Hora Estándar del Atlántico,en,"Introducing Benjamin Lee, Reddit’s VP and General Counsel in Executive","['introducing', 'benjamin', 'lee', 'reddit', 'vp', 'general', 'counsel', 'executive']",8,neutros,1
Announcing the 2020 Reddit Internship Program!,"['facebook', 'twitter', 'pinterest', 'tumblr', 'reddit']",01/10/2019,00:00:00,04:00,Hora Estándar del Atlántico,en,Announcing the 2020 Reddit Internship Program!,"['announcing', 'reddit', 'internship', 'program']",4,neutros,1
The Big Count: A Reddit AMA Series Demystifying the 2020 Census,"['facebook', 'twitter', 'pinterest', 'tumblr', 'reddit']",26/09/2019,00:00:00,04:00,Hora Estándar del Atlántico,en,The Big Count: A Reddit AMA Series Demystifying the 2020 Census,"['big', 'count', 'reddit', 'ama', 'series', 'demystifying', 'census']",7,neutros,1
Introducing Our Improved Video Ad Offerings,"['facebook', 'twitter', 'pinterest', 'tumblr', 'reddit']",25/09/2019,00:00:00,04:00,Hora Estándar del Atlántico,en,Introducing Our Improved Video Ad Offerings,"['introducing', 'improved', 'video', 'ad', 'offerings']",5,positivos,2
The Power of Community on Reddit,"['facebook', 'twitter', 'pinterest', 'tumblr', 'reddit']",20/09/2019,00:00:00,04:00,Hora Estándar del Atlántico,en,The Power of Community on Reddit,"['power', 'community', 'reddit']",3,positivos,2
Reddit Expands Midwest Presence with First Chicago Office,"['facebook', 'twitter', 'pinterest', 'tumblr', 'reddit']",15/08/2019,00:00:00,04:00,Hora Estándar del Atlántico,en,Reddit Expands Midwest Presence with First Chicago Office,"['reddit', 'expands', 'midwest', 'presence', 'first', 'chicago', 'office']",7,neutros,1
"Introducing Saad Rehmani, Reddit’s VP of Engineering","['facebook', 'twitter', 'pinterest', 'tumblr', 'reddit']",05/08/2019,00:00:00,04:00,Hora Estándar del Atlántico,en,"Introducing Saad Rehmani, Reddit’s VP of Engineering","['introducing', 'saad', 'rehmani', 'reddit', 'vp', 'engineering']",6,neutros,1
The Benefits of Machine Learning to Study Small Dataset of Social Conversations,"['facebook', 'twitter', 'pinterest', 'tumblr', 'reddit']",29/07/2019,00:00:00,04:00,Hora Estándar del Atlántico,en,The Benefits of Machine Learning to Study Small Dataset of Social Conversations,"['benefits', 'machine', 'learning', 'study', 'small', 'dataset', 'social', 'conversations']",8,positivos,2
Introducing Reddit Community Awards,"['facebook', 'twitter', 'pinterest', 'tumblr', 'reddit']",24/07/2019,00:00:00,04:00,Hora Estándar del Atlántico,en,Introducing Reddit Community Awards,"['introducing', 'reddit', 'community', 'awards']",4,neutros,1
We’ve (Still) Got Your Back,"['facebook', 'twitter', 'pinterest', 'tumblr', 'reddit']",13/06/2019,00:00:00,04:00,Hora Estándar del Atlántico,en,We’ve (Still) Got Your Back,"['still', 'got', 'back']",3,positivos,2
"On June 11, the Senate will Discuss Net Neutrality. Call Your Senator, then Watch the Proceedings LIVE.","['facebook', 'twitter', 'pinterest', 'tumblr', 'reddit']",10/06/2019,00:00:00,04:00,Hora Estándar del Atlántico,en,"On June 11, the Senate will Discuss Net Neutrality. Call Your Senator, then Watch the Proceedings LIVE.","['june', 'senate', 'discuss', 'net', 'neutrality', 'call', 'senator', 'watch', 'proceedings', 'live']",10,neutros,1
Reddit Welcomes Porter Gale to Board of Directors,"['facebook', 'twitter', 'pinterest', 'tumblr', 'reddit']",28/05/2019,00:00:00,04:00,Hora Estándar del Atlántico,en,Reddit Welcomes Porter Gale to Board of Directors,"['reddit', 'welcomes', 'porter', 'gale', 'board', 'directors']",6,positivos,2
"Reddit Global Meetup is coming! Set your calendars for June 22, 2019","['facebook', 'twitter', 'pinterest', 'tumblr', 'reddit']",10/05/2019,00:00:00,04:00,Hora Estándar del Atlántico,en,"Reddit Global Meetup is coming! Set your calendars for June 22, 2019","['reddit', 'global', 'meetup', 'coming', 'set', 'calendars', 'june']",7,positivos,2
Introducing Reddit Dublin!,"['facebook', 'twitter', 'pinterest', 'tumblr', 'reddit']",09/05/2019,00:00:00,04:00,Hora Estándar del Atlántico,en,Introducing Reddit Dublin!,"['introducing', 'reddit', 'dublin']",3,neutros,1
"Reddit NYC is Growing, Join Us!","['facebook', 'twitter', 'pinterest', 'tumblr', 'reddit']",30/04/2019,00:00:00,04:00,Hora Estándar del Atlántico,en,"Reddit NYC is Growing, Join Us!","['reddit', 'nyc', 'growing', 'join', 'us']",5,positivos,2
ERROR: COPYRIGHT NOT DETECTED. What EU Redditors Can Expect to See Today and Why It Matters,"['facebook', 'twitter', 'pinterest', 'tumblr', 'reddit']",20/03/2019,00:00:00,04:00,Hora Estándar del Atlántico,en,ERROR: COPYRIGHT NOT DETECTED. What EU Redditors Can Expect to See Today and Why It Matters,"['error', 'copyright', 'detected', 'eu', 'redditors', 'expect', 'see', 'today', 'matters']",9,neutros,1
Insights from Data Science Leadership Panel at Reddit,"['facebook', 'twitter', 'pinterest', 'tumblr', 'reddit']",31/01/2019,00:00:00,05:00,Hora Estándar del Este,en,Insights from Data Science Leadership Panel at Reddit,"['insights', 'data', 'science', 'leadership', 'panel', 'reddit']",6,neutros,1
"Revealing This Year’s Reddit UK Recap, Where We Highlight How Redditors Kept It Real in 2022","['facebook', 'twitter', 'pinterest', 'tumblr', 'reddit']",08/12/2022,08:00:00,05:00,Hora Estándar del Este,en,"Revealing This Year’s Reddit UK Recap, Where We Highlight How Redditors Kept It Real in 2022","['revealing', 'year', 'reddit', 'uk', 'recap', 'highlight', 'redditors', 'kept', 'real']",9,neutros,1
"Revealing This Year’s Reddit Australia Recap, Where We Highlight How Redditors Kept It Real in 2022","['facebook', 'twitter', 'pinterest', 'tumblr', 'reddit']",08/12/2022,08:00:00,05:00,Hora Estándar del Este,en,"Revealing This Year’s Reddit Australia Recap, Where We Highlight How Redditors Kept It Real in 2022","['revealing', 'year', 'reddit', 'australia', 'recap', 'highlight', 'redditors', 'kept', 'real']",9,neutros,1
"Revealing This Year’s Reddit Canada Recap, Where We Highlight How Redditors Kept It Real in 2022","['facebook', 'twitter', 'pinterest', 'tumblr', 'reddit']",08/12/2022,08:00:00,05:00,Hora Estándar del Este,en,"Revealing This Year’s Reddit Canada Recap, Where We Highlight How Redditors Kept It Real in 2022","['revealing', 'year', 'reddit', 'canada', 'recap', 'highlight', 'redditors', 'kept', 'real']",9,neutros,1
"Reddit Recap 2021: Community Reflections, URL to IRL Moments","['facebook', 'twitter', 'pinterest', 'tumblr', 'reddit']",08/12/2021,08:00:00,05:00,Hora Estándar del Este,en,"Reddit Recap 2021: Community Reflections, URL to IRL Moments","['reddit', 'recap', 'community', 'reflections', 'url', 'irl', 'moments']",7,neutros,1
"Out, Proud and Loud at Reddit, Inc.","['facebook', 'twitter', 'pinterest', 'tumblr', 'reddit']",19/07/2021,00:00:00,04:00,Hora Estándar del Atlántico,en,"Out, Proud and Loud at Reddit, Inc.","['proud', 'loud', 'reddit', 'inc']",4,positivos,2
Reddit Honors AAPI Heritage Month,"['facebook', 'twitter', 'pinterest', 'tumblr', 'reddit']",31/05/2021,00:00:00,04:00,Hora Estándar del Atlántico,en,Reddit Honors AAPI Heritage Month,"['reddit', 'honors', 'aapi', 'heritage', 'month']",5,neutros,1
The State of Voter Access In America,"['facebook', 'twitter', 'pinterest', 'tumblr', 'reddit']",07/05/2021,00:00:00,04:00,Hora Estándar del Atlántico,en,The State of Voter Access In America,"['state', 'voter', 'access', 'america']",4,neutros,1
Allyship at Reddit,"['facebook', 'twitter', 'pinterest', 'tumblr', 'reddit']",14/04/2021,00:00:00,04:00,Hora Estándar del Atlántico,en,Allyship at Reddit,"['allyship', 'reddit']",2,neutros,1
Reddit and PUBG Flair Up,"['facebook', 'twitter', 'pinterest', 'tumblr', 'reddit']",06/04/2021,00:00:00,04:00,Hora Estándar del Atlántico,en,Reddit and PUBG Flair Up,"['reddit', 'pubg', 'flair']",3,neutros,1
"Women’s History Month at Reddit, Inc.","['facebook', 'twitter', 'pinterest', 'tumblr', 'reddit']",08/03/2021,00:00:00,05:00,Hora Estándar del Este,en,"Women’s History Month at Reddit, Inc.","['women', 'history', 'month', 'reddit', 'inc']",5,neutros,1
Scaling Reporting at Reddit,"['facebook', 'twitter', 'pinterest', 'tumblr', 'reddit']",26/02/2021,00:00:00,05:00,Hora Estándar del Este,en,Scaling Reporting at Reddit,"['scaling', 'reporting', 'reddit']",3,neutros,1
Honoring Black History Month at Reddit,"['facebook', 'twitter', 'pinterest', 'tumblr', 'reddit']",10/02/2021,00:00:00,05:00,Hora Estándar del Este,en,Honoring Black History Month at Reddit,"['honoring', 'black', 'history', 'month', 'reddit']",5,positivos,2
Improving Reddit Engineering through GAINS,"['facebook', 'twitter', 'pinterest', 'tumblr', 'reddit']",13/01/2021,00:00:00,05:00,Hora Estándar del Este,en,Improving Reddit Engineering through GAINS,"['improving', 'reddit', 'engineering', 'gains']",4,positivos,2
"In 2020, You Asked Experts Anything","['facebook', 'twitter', 'pinterest', 'tumblr', 'reddit']",07/01/2021,00:00:00,05:00,Hora Estándar del Este,en,"In 2020, You Asked Experts Anything","['asked', 'experts', 'anything']",3,neutros,1
"Celebrating 10 Years of “Today You, Tomorrow Me”","['facebook', 'twitter', 'pinterest', 'tumblr', 'reddit']",11/12/2020,00:00:00,05:00,Hora Estándar del Este,en,"Celebrating 10 Years of “Today You, Tomorrow Me”","['celebrating', 'years', 'today', 'tomorrow']",4,positivos,2
In Support of the Contract for the Web,"['facebook', 'twitter', 'pinterest', 'tumblr', 'reddit']",25/11/2020,00:00:00,05:00,Hora Estándar del Este,en,In Support of the Contract for the Web,"['support', 'contract', 'web']",3,neutros,1
It’s Election Day 2020 and We’ve Compiled Some Resources to Help You Vote,"['facebook', 'twitter', 'pinterest', 'tumblr', 'reddit']",03/11/2020,00:00:00,05:00,Hora Estándar del Este,en,It’s Election Day 2020 and We’ve Compiled Some Resources to Help You Vote,"['election', 'day', 'compiled', 'resources', 'help', 'vote']",6,neutros,1
Join Us In Supporting Extra Life — A Charity Gaming Marathon Benefiting Children’s Hospitals!,"['facebook', 'twitter', 'pinterest', 'tumblr', 'reddit']",30/10/2020,00:00:00,04:00,Hora Estándar del Atlántico,en,Join Us In Supporting Extra Life — A Charity Gaming Marathon Benefiting Children’s Hospitals!,"['join', 'us', 'supporting', 'extra', 'life', 'charity', 'gaming', 'marathon', 'benefiting', 'children', 'hospitals']",11,positivos,2
Chilling Tales from Reddit Engineering,"['facebook', 'twitter', 'pinterest', 'tumblr', 'reddit']",28/10/2020,00:00:00,04:00,Hora Estándar del Atlántico,en,Chilling Tales from Reddit Engineering,"['chilling', 'tales', 'reddit', 'engineering']",4,neutros,1
Today is the First-Ever Vote Early Day!,"['facebook', 'twitter', 'pinterest', 'tumblr', 'reddit']",24/10/2020,00:00:00,04:00,Hora Estándar del Atlántico,en,Today is the First-Ever Vote Early Day!,"['today', 'first-ever', 'vote', 'early', 'day']",5,neutros,1
What Happens Now? Post-Election Day AMA Series,"['facebook', 'twitter', 'pinterest', 'tumblr', 'reddit']",20/10/2020,00:00:00,04:00,Hora Estándar del Atlántico,en,What Happens Now? Post-Election Day AMA Series,"['happens', 'post-election', 'day', 'ama', 'series']",5,neutros,1
"Introducing Christina Shareef, Reddit’s Head of Diversity, Inclusion, and Belonging","['facebook', 'twitter', 'pinterest', 'tumblr', 'reddit']",15/10/2020,00:00:00,04:00,Hora Estándar del Atlántico,en,"Introducing Christina Shareef, Reddit’s Head of Diversity, Inclusion, and Belonging","['introducing', 'christina', 'shareef', 'reddit', 'head', 'diversity', 'inclusion', 'belonging']",8,neutros,1
The Great K8S Migration,"['facebook', 'twitter', 'pinterest', 'tumblr', 'reddit']",12/10/2020,00:00:00,04:00,Hora Estándar del Atlántico,en,The Great K8S Migration,"['great', 'k8s', 'migration']",3,neutros,1
Reddit Honors Its Latinx Employees for Hispanic Heritage Month,"['facebook', 'twitter', 'pinterest', 'tumblr', 'reddit']",02/10/2020,00:00:00,04:00,Hora Estándar del Atlántico,en,Reddit Honors Its Latinx Employees for Hispanic Heritage Month,"['reddit', 'honors', 'latinx', 'employees', 'hispanic', 'heritage', 'month']",7,positivos,2
It’s National Voter Registration Day! Register To Vote & Have Your Voice Heard In The 2020 Elections,"['facebook', 'twitter', 'pinterest', 'tumblr', 'reddit']",22/09/2020,00:00:00,04:00,Hora Estándar del Atlántico,en,It’s National Voter Registration Day! Register To Vote & Have Your Voice Heard In The 2020 Elections,"['national', 'voter', 'registration', 'day', 'register', 'vote', 'voice', 'heard', 'elections']",9,neutros,1
r/AskHistorians Community Hosts First-Ever Virtual Conference on Reddit,"['facebook', 'twitter', 'pinterest', 'tumblr', 'reddit']",15/09/2020,00:00:00,04:00,Hora Estándar del Atlántico,en,r/AskHistorians Community Hosts First-Ever Virtual Conference on Reddit,"['r', 'askhistorians', 'community', 'hosts', 'first-ever', 'virtual', 'conference', 'reddit']",8,neutros,1
Elevating the Voice of Our Moderators: Reddit’s FCC Comments on Section 230 Rulemaking,"['facebook', 'twitter', 'pinterest', 'tumblr', 'reddit']",02/09/2020,00:00:00,04:00,Hora Estándar del Atlántico,en,Elevating the Voice of Our Moderators: Reddit’s FCC Comments on Section 230 Rulemaking,"['elevating', 'voice', 'moderators', 'reddit', 'fcc', 'comments', 'section', 'rulemaking']",8,neutros,1
It’s National Poll Worker Recruitment Day! Become a Poll Worker this Election and Help Power the Polls in Your Community,"['facebook', 'twitter', 'pinterest', 'tumblr', 'reddit']",01/09/2020,00:00:00,04:00,Hora Estándar del Atlántico,en,It’s National Poll Worker Recruitment Day! Become a Poll Worker this Election and Help Power the Polls in Your Community,"['national', 'poll', 'worker', 'recruitment', 'day', 'become', 'poll', 'worker', 'election', 'help', 'power', 'polls', 'community']",13,neutros,1
Voting In America,"['facebook', 'twitter', 'pinterest', 'tumblr', 'reddit']",25/08/2020,00:00:00,04:00,Hora Estándar del Atlántico,en,Voting In America,"['voting', 'america']",2,neutros,1
Reddit Announces Partnership with Penguin Random House For Its First-Ever Virtual Convention,"['facebook', 'twitter', 'pinterest', 'tumblr', 'reddit']",09/08/2020,00:00:00,04:00,Hora Estándar del Atlántico,en,Reddit Announces Partnership with Penguin Random House For Its First-Ever Virtual Convention,"['reddit', 'announces', 'partnership', 'penguin', 'random', 'house', 'first-ever', 'virtual', 'convention']",9,positivos,2
Reddit’s First-Ever Virtual Recruiting Event,"['facebook', 'twitter', 'pinterest', 'tumblr', 'reddit']",24/07/2020,00:00:00,04:00,Hora Estándar del Atlántico,en,Reddit’s First-Ever Virtual Recruiting Event,"['reddit', 'first-ever', 'virtual', 'recruiting', 'event']",5,neutros,1
Building Scheduled Reports for Ad Campaigns,"['facebook', 'twitter', 'pinterest', 'tumblr', 'reddit']",21/07/2020,00:00:00,04:00,Hora Estándar del Atlántico,en,Building Scheduled Reports for Ad Campaigns,"['building', 'scheduled', 'reports', 'ad', 'campaigns']",5,neutros,1
Voices Of Change,"['facebook', 'twitter', 'pinterest', 'tumblr', 'reddit']",01/07/2020,00:00:00,04:00,Hora Estándar del Atlántico,en,Voices Of Change,"['voices', 'change']",2,neutros,1
Public Trust In An Era of Doubt,"['facebook', 'twitter', 'pinterest', 'tumblr', 'reddit']",30/06/2020,00:00:00,04:00,Hora Estándar del Atlántico,en,Public Trust In An Era of Doubt,"['public', 'trust', 'era', 'doubt']",4,neutros,1
Reddit Announces New Leadership and Organizational Structure for Reddit Advertising Business,"['facebook', 'twitter', 'pinterest', 'tumblr', 'reddit']",15/05/2020,00:00:00,04:00,Hora Estándar del Atlántico,en,Reddit Announces New Leadership and Organizational Structure for Reddit Advertising Business,"['reddit', 'announces', 'new', 'leadership', 'organizational', 'structure', 'reddit', 'advertising', 'business']",9,neutros,1
Gearing up for Reddit’s 2020 Internship Program,"['facebook', 'twitter', 'pinterest', 'tumblr', 'reddit']",08/05/2020,00:00:00,04:00,Hora Estándar del Atlántico,en,Gearing up for Reddit’s 2020 Internship Program,"['gearing', 'reddit', 'internship', 'program']",4,neutros,1
"New Tagboard Partnership Empowers Local Broadcasters, TV Networks to Share Reddit Community Generated Content","['facebook', 'twitter', 'pinterest', 'tumblr', 'reddit']",06/02/2020,00:00:00,05:00,Hora Estándar del Este,en,"New Tagboard Partnership Empowers Local Broadcasters, TV Networks to Share Reddit Community Generated Content","['new', 'tagboard', 'partnership', 'empowers', 'local', 'broadcasters', 'tv', 'networks', 'share', 'reddit', 'community', 'generated', 'content']",13,positivos,2
Celebrating Game of Thrones on Reddit,"['facebook', 'twitter', 'pinterest', 'tumblr', 'reddit']",15/05/2019,00:00:00,04:00,Hora Estándar del Atlántico,en,Celebrating Game of Thrones on Reddit,"['celebrating', 'game', 'thrones', 'reddit']",4,positivos,2
"Tomorrow, Congress Votes on Net Neutrality on the House Floor! Hear Directly from Members of Congress at 8pm ET TODAY on Reddit, and Learn What You Can Do to Save Net Neutrality!","['facebook', 'twitter', 'pinterest', 'tumblr', 'reddit']",08/04/2019,00:00:00,04:00,Hora Estándar del Atlántico,en,"Tomorrow, Congress Votes on Net Neutrality on the House Floor! Hear Directly from Members of Congress at 8pm ET TODAY on Reddit, and Learn What You Can Do to Save Net Neutrality!","['tomorrow', 'congress', 'votes', 'net', 'neutrality', 'house', 'floor', 'hear', 'directly', 'members', 'congress', '8pm', 'et', 'today', 'reddit', 'learn', 'save', 'net', 'neutrality']",19,positivos,2
Evolution of Push Notifications at Reddit,"['facebook', 'twitter', 'pinterest', 'tumblr', 'reddit']",14/03/2019,00:00:00,04:00,Hora Estándar del Atlántico,en,Evolution of Push Notifications at Reddit,"['evolution', 'push', 'notifications', 'reddit']",4,neutros,1
Honoring Black History Month on Reddit,"['facebook', 'twitter', 'pinterest', 'tumblr', 'reddit']",21/02/2019,00:00:00,05:00,Hora Estándar del Este,en,Honoring Black History Month on Reddit,"['honoring', 'black', 'history', 'month', 'reddit']",5,positivos,2
Introducing New Offerings for Performance Advertisers,"['facebook', 'twitter', 'pinterest', 'tumblr', 'reddit']",13/02/2019,00:00:00,05:00,Hora Estándar del Este,en,Introducing New Offerings for Performance Advertisers,"['introducing', 'new', 'offerings', 'performance', 'advertisers']",5,neutros,1
Style & fashion on Reddit,"['facebook', 'twitter', 'pinterest', 'tumblr', 'reddit']",07/02/2019,00:00:00,05:00,Hora Estándar del Este,en,Style & fashion on Reddit,"['style', 'fashion', 'reddit']",3,neutros,1
Announcing CPC ads on Reddit,"['facebook', 'twitter', 'pinterest', 'tumblr', 'reddit']",30/01/2019,00:00:00,05:00,Hora Estándar del Este,en,Announcing CPC ads on Reddit,"['announcing', 'cpc', 'ads', 'reddit']",4,neutros,1
The Best of Reddit’s Communities in 2018,"['facebook', 'twitter', 'pinterest', 'tumblr', 'reddit']",29/01/2019,00:00:00,05:00,Hora Estándar del Este,en,The Best of Reddit’s Communities in 2018,"['best', 'reddit', 'communities']",3,positivos,2
Health & fitness on Reddit,"['facebook', 'twitter', 'pinterest', 'tumblr', 'reddit']",23/01/2019,00:00:00,05:00,Hora Estándar del Este,en,Health & fitness on Reddit,"['health', 'fitness', 'reddit']",3,neutros,1
"Introducing Shariq Rizvi, Reddit’s VP of Ads Products & Engineering","['facebook', 'twitter', 'pinterest', 'tumblr', 'reddit']",09/01/2019,00:00:00,05:00,Hora Estándar del Este,en,"Introducing Shariq Rizvi, Reddit’s VP of Ads Products & Engineering","['introducing', 'shariq', 'rizvi', 'reddit', 'vp', 'ads', 'products', 'engineering']",8,neutros,1
Envoy Proxy at Reddit,"['facebook', 'twitter', 'pinterest', 'tumblr', 'reddit']",18/12/2018,00:00:00,05:00,Hora Estándar del Este,en,Envoy Proxy at Reddit,"['envoy', 'proxy', 'reddit']",3,neutros,1
Reddit’s Year in Review: 2018,"['facebook', 'twitter', 'pinterest', 'tumblr', 'reddit']",04/12/2018,00:00:00,05:00,Hora Estándar del Este,en,Reddit’s Year in Review: 2018,"['reddit', 'year', 'review']",3,neutros,1
The EU Copyright Directive,"['facebook', 'twitter', 'pinterest', 'tumblr', 'reddit']",28/11/2018,00:00:00,05:00,Hora Estándar del Este,en,The EU Copyright Directive,"['eu', 'copyright', 'directive']",3,neutros,1
Game on! Extra Life Game Day Is Here!,"['facebook', 'twitter', 'pinterest', 'tumblr', 'reddit']",03/11/2018,00:00:00,04:00,Hora Estándar del Atlántico,en,Game on! Extra Life Game Day Is Here!,"['game', 'extra', 'life', 'game', 'day']",5,positivos,2
Celebrating our 10th annual Secret Santa on Reddit Gifts,"['facebook', 'twitter', 'pinterest', 'tumblr', 'reddit']",01/11/2018,00:00:00,04:00,Hora Estándar del Atlántico,en,Celebrating our 10th annual Secret Santa on Reddit Gifts,"['celebrating', '10th', 'annual', 'secret', 'santa', 'reddit', 'gifts']",7,positivos,2
Super Bowl on Reddit,"['facebook', 'twitter', 'pinterest', 'tumblr', 'reddit']",30/10/2018,00:00:00,04:00,Hora Estándar del Atlántico,en,Super Bowl on Reddit,"['super', 'bowl', 'reddit']",3,neutros,1
Extra Life is almost here,"['facebook', 'twitter', 'pinterest', 'tumblr', 'reddit']",26/10/2018,00:00:00,04:00,Hora Estándar del Atlántico,en,Extra Life is almost here,"['extra', 'life', 'almost']",3,neutros,1
Announcing: Reddit’s Partnership with Patreon!,"['facebook', 'twitter', 'pinterest', 'tumblr', 'reddit']",23/10/2018,00:00:00,04:00,Hora Estándar del Atlántico,en,Announcing: Reddit’s Partnership with Patreon!,"['announcing', 'reddit', 'partnership', 'patreon']",4,neutros,1
Extra Life is Coming!,"['facebook', 'twitter', 'pinterest', 'tumblr', 'reddit']",19/10/2018,00:00:00,04:00,Hora Estándar del Atlántico,en,Extra Life is Coming!,"['extra', 'life', 'coming']",3,neutros,1
Politics on Reddit,"['facebook', 'twitter', 'pinterest', 'tumblr', 'reddit']",17/10/2018,00:00:00,04:00,Hora Estándar del Atlántico,en,Politics on Reddit,"['politics', 'reddit']",2,neutros,1
Down for the Count,"['facebook', 'twitter', 'pinterest', 'tumblr', 'reddit']",11/10/2018,00:00:00,04:00,Hora Estándar del Atlántico,en,Down for the Count,['count'],1,neutros,1
Gaming on Reddit,"['facebook', 'twitter', 'pinterest', 'tumblr', 'reddit']",27/09/2018,00:00:00,04:00,Hora Estándar del Atlántico,en,Gaming on Reddit,"['gaming', 'reddit']",2,neutros,1
It’s US National Voter Registration Day. Are You Registered?,"['facebook', 'twitter', 'pinterest', 'tumblr', 'reddit']",25/09/2018,00:00:00,04:00,Hora Estándar del Atlántico,en,It’s US National Voter Registration Day. Are You Registered?,"['us', 'national', 'voter', 'registration', 'day', 'registered']",6,neutros,1
Announcing “Season 2” of Reddit’s Internship Program,"['facebook', 'twitter', 'pinterest', 'tumblr', 'reddit']",19/09/2018,00:00:00,04:00,Hora Estándar del Atlántico,en,Announcing “Season 2” of Reddit’s Internship Program,"['announcing', 'season', 'reddit', 'internship', 'program']",5,neutros,1
Evolving mobile architecture at Reddit,"['facebook', 'twitter', 'pinterest', 'tumblr', 'reddit']",12/09/2018,00:00:00,04:00,Hora Estándar del Atlántico,en,Evolving mobile architecture at Reddit,"['evolving', 'mobile', 'architecture', 'reddit']",4,neutros,1
Football on Reddit,"['facebook', 'twitter', 'pinterest', 'tumblr', 'reddit']",07/09/2018,00:00:00,04:00,Hora Estándar del Atlántico,en,Football on Reddit,"['football', 'reddit']",2,neutros,1
Beauty on Reddit,"['facebook', 'twitter', 'pinterest', 'tumblr', 'reddit']",29/08/2018,00:00:00,04:00,Hora Estándar del Atlántico,en,Beauty on Reddit,"['beauty', 'reddit']",2,neutros,1
"Reddit at ONA18 in Austin, Texas","['facebook', 'twitter', 'pinterest', 'tumblr', 'reddit']",28/08/2018,00:00:00,04:00,Hora Estándar del Atlántico,en,"Reddit at ONA18 in Austin, Texas","['reddit', 'ona18', 'austin', 'texas']",4,neutros,1
A Spotlight on Local Media on Reddit,"['facebook', 'twitter', 'pinterest', 'tumblr', 'reddit']",22/08/2018,00:00:00,04:00,Hora Estándar del Atlántico,en,A Spotlight on Local Media on Reddit,"['spotlight', 'local', 'media', 'reddit']",4,neutros,1
From the desk of Reddit’s cartographer: Original content,"['facebook', 'twitter', 'pinterest', 'tumblr', 'reddit']",21/08/2018,00:00:00,04:00,Hora Estándar del Atlántico,en,From the desk of Reddit’s cartographer: Original content,"['desk', 'reddit', 'cartographer', 'original', 'content']",5,neutros,1
Discuss and discover TV with Reddit,"['facebook', 'twitter', 'pinterest', 'tumblr', 'reddit']",10/08/2018,00:00:00,04:00,Hora Estándar del Atlántico,en,Discuss and discover TV with Reddit,"['discuss', 'discover', 'tv', 'reddit']",4,neutros,1
Endless Thread: Season One Recap & Episode Artwork,"['facebook', 'twitter', 'pinterest', 'tumblr', 'reddit']",06/08/2018,00:00:00,04:00,Hora Estándar del Atlántico,en,Endless Thread: Season One Recap & Episode Artwork,"['endless', 'thread', 'season', 'one', 'recap', 'episode', 'artwork']",7,neutros,1
"What I learned from chatting with 7,000 strangers on the internet","['facebook', 'twitter', 'pinterest', 'tumblr', 'reddit']",18/07/2018,00:00:00,04:00,Hora Estándar del Atlántico,en,"What I learned from chatting with 7,000 strangers on the internet","['learned', 'chatting', 'strangers', 'internet']",4,neutros,1
5 Tips for Advertising on Reddit,"['facebook', 'twitter', 'pinterest', 'tumblr', 'reddit']",11/07/2018,00:00:00,04:00,Hora Estándar del Atlántico,en,5 Tips for Advertising on Reddit,"['tips', 'advertising', 'reddit']",3,neutros,1
Celebrating Pride Month with Reddit,"['facebook', 'twitter', 'pinterest', 'tumblr', 'reddit']",22/06/2018,00:00:00,04:00,Hora Estándar del Atlántico,en,Celebrating Pride Month with Reddit,"['celebrating', 'pride', 'month', 'reddit']",4,positivos,2
Introducing the News tab,"['facebook', 'twitter', 'pinterest', 'tumblr', 'reddit']",20/06/2018,00:00:00,04:00,Hora Estándar del Atlántico,en,Introducing the News tab,"['introducing', 'news', 'tab']",3,neutros,1
The World Cup on Reddit,"['facebook', 'twitter', 'pinterest', 'tumblr', 'reddit']",20/06/2018,00:00:00,04:00,Hora Estándar del Atlántico,en,The World Cup on Reddit,"['world', 'cup', 'reddit']",3,neutros,1
2018 Global Reddit Meetup Day Recap,"['facebook', 'twitter', 'pinterest', 'tumblr', 'reddit']",19/06/2018,00:00:00,04:00,Hora Estándar del Atlántico,en,2018 Global Reddit Meetup Day Recap,"['global', 'reddit', 'meetup', 'day', 'recap']",5,neutros,1
Native video ads are here!,"['facebook', 'twitter', 'pinterest', 'tumblr', 'reddit']",12/06/2018,00:00:00,04:00,Hora Estándar del Atlántico,en,Native video ads are here!,"['native', 'video', 'ads']",3,neutros,1
We’ve Got Your Back,"['facebook', 'twitter', 'pinterest', 'tumblr', 'reddit']",01/06/2018,00:00:00,04:00,Hora Estándar del Atlántico,en,We’ve Got Your Back,"['got', 'back']",2,positivos,2
Night Mode is finally here!,"['facebook', 'twitter', 'pinterest', 'tumblr', 'reddit']",24/05/2018,00:00:00,04:00,Hora Estándar del Atlántico,en,Night Mode is finally here!,"['night', 'mode', 'finally']",3,positivos,2
"It’s an AMA, but with way more horsepower","['facebook', 'twitter', 'pinterest', 'tumblr', 'reddit']",24/05/2018,00:00:00,04:00,Hora Estándar del Atlántico,en,"It’s an AMA, but with way more horsepower","['ama', 'way', 'horsepower']",3,neutros,1
Looking back at r/CircleofTrust,"['facebook', 'twitter', 'pinterest', 'tumblr', 'reddit']",22/05/2018,00:00:00,04:00,Hora Estándar del Atlántico,en,Looking back at r/CircleofTrust,"['looking', 'back', 'r', 'circleoftrust']",4,neutros,1
"Join Team Reddit, We’re Hiring!","['facebook', 'twitter', 'pinterest', 'tumblr', 'reddit']",26/04/2018,00:00:00,04:00,Hora Estándar del Atlántico,en,"Join Team Reddit, We’re Hiring!","['join', 'team', 'reddit', 'hiring']",4,positivos,2
Promoted Posts Are Coming to Our Android Apps,"['facebook', 'twitter', 'pinterest', 'tumblr', 'reddit']",25/04/2018,00:00:00,04:00,Hora Estándar del Atlántico,en,Promoted Posts Are Coming to Our Android Apps,"['promoted', 'posts', 'coming', 'android', 'apps']",5,neutros,1
Announcing Reddit and Hackbright’s Strategic Scholarship Fund to Support Women in Tech,"['facebook', 'twitter', 'pinterest', 'tumblr', 'reddit']",24/04/2018,00:00:00,04:00,Hora Estándar del Atlántico,en,Announcing Reddit and Hackbright’s Strategic Scholarship Fund to Support Women in Tech,"['announcing', 'reddit', 'hackbright', 'strategic', 'scholarship', 'fund', 'support', 'women', 'tech']",9,positivos,2
Reddit’s Expanding to Chicago!,"['facebook', 'twitter', 'pinterest', 'tumblr', 'reddit']",23/04/2018,00:00:00,04:00,Hora Estándar del Atlántico,en,Reddit’s Expanding to Chicago!,"['reddit', 'expanding', 'chicago']",3,neutros,1
"Introducing Jen Wong, Reddit’s Chief Operating Officer","['facebook', 'twitter', 'pinterest', 'tumblr', 'reddit']",19/04/2018,00:00:00,04:00,Hora Estándar del Atlántico,en,"Introducing Jen Wong, Reddit’s Chief Operating Officer","['introducing', 'jen', 'wong', 'reddit', 'chief', 'operating', 'officer']",7,neutros,1
"Reddit Meetup Day is coming! Set your calendars for June 9, 2018.","['facebook', 'twitter', 'pinterest', 'tumblr', 'reddit']",19/04/2018,00:00:00,04:00,Hora Estándar del Atlántico,en,"Reddit Meetup Day is coming! Set your calendars for June 9, 2018.","['reddit', 'meetup', 'day', 'coming', 'set', 'calendars', 'june']",7,positivos,2
Reddit Gifts Is Celebrating Its 400th Gift Exchange!,"['facebook', 'twitter', 'pinterest', 'tumblr', 'reddit']",22/03/2018,00:00:00,04:00,Hora Estándar del Atlántico,en,Reddit Gifts Is Celebrating Its 400th Gift Exchange!,"['reddit', 'gifts', 'celebrating', '400th', 'gift', 'exchange']",6,positivos,2
The Evolution of Data at Reddit,"['facebook', 'twitter', 'pinterest', 'tumblr', 'reddit']",28/02/2018,00:00:00,05:00,Hora Estándar del Este,en,The Evolution of Data at Reddit,"['evolution', 'data', 'reddit']",3,neutros,1
The Best of Reddit During Super Bowl LII,"['facebook', 'twitter', 'pinterest', 'tumblr', 'reddit']",05/02/2018,00:00:00,05:00,Hora Estándar del Este,en,The Best of Reddit During Super Bowl LII,"['best', 'reddit', 'super', 'bowl', 'lii']",5,neutros,1
Celebrating Ten Years of r/AskReddit,"['facebook', 'twitter', 'pinterest', 'tumblr', 'reddit']",18/01/2018,00:00:00,05:00,Hora Estándar del Este,en,Celebrating Ten Years of r/AskReddit,"['celebrating', 'ten', 'years', 'r', 'askreddit']",5,positivos,2
WBUR’s Reddit-Themed Podcast ‘Endless Thread’ Debuts Its Premiere Episode,"['facebook', 'twitter', 'pinterest', 'tumblr', 'reddit']",12/01/2018,00:00:00,05:00,Hora Estándar del Este,en,WBUR’s Reddit-Themed Podcast ‘Endless Thread’ Debuts Its Premiere Episode,"['wbur', 'reddit-themed', 'podcast', 'endless', 'thread', 'debuts', 'premiere', 'episode']",8,neutros,1
The Best of Reddit in 2017,"['facebook', 'twitter', 'pinterest', 'tumblr', 'reddit']",19/12/2017,00:00:00,05:00,Hora Estándar del Este,en,The Best of Reddit in 2017,"['best', 'reddit']",2,positivos,2
Reddit’s Mobile Apps Are Getting a Major Upgrade,"['facebook', 'twitter', 'pinterest', 'tumblr', 'reddit']",18/12/2017,00:00:00,05:00,Hora Estándar del Este,en,Reddit’s Mobile Apps Are Getting a Major Upgrade,"['reddit', 'mobile', 'apps', 'getting', 'major', 'upgrade']",6,positivos,2
Reddit Partners With Microsoft to Deliver Intelligent Search Results and Business Intelligence Tools,"['facebook', 'twitter', 'pinterest', 'tumblr', 'reddit']",13/12/2017,00:00:00,05:00,Hora Estándar del Este,en,Reddit Partners With Microsoft to Deliver Intelligent Search Results and Business Intelligence Tools,"['reddit', 'partners', 'microsoft', 'deliver', 'intelligent', 'search', 'results', 'business', 'intelligence', 'tools']",10,positivos,2
An Analysis of Net Neutrality Activism on Reddit,"['facebook', 'twitter', 'pinterest', 'tumblr', 'reddit']",11/12/2017,00:00:00,05:00,Hora Estándar del Este,en,An Analysis of Net Neutrality Activism on Reddit,"['analysis', 'net', 'neutrality', 'activism', 'reddit']",5,neutros,1
Presenting ‘Endless Thread’: A New Podcast Partnership from Reddit and WBUR,"['facebook', 'twitter', 'pinterest', 'tumblr', 'reddit']",05/12/2017,00:00:00,05:00,Hora Estándar del Este,en,Presenting ‘Endless Thread’: A New Podcast Partnership from Reddit and WBUR,"['presenting', 'endless', 'thread', 'new', 'podcast', 'partnership', 'reddit', 'wbur']",8,neutros,1
A Very Reddit Thanksgiving,"['facebook', 'twitter', 'pinterest', 'tumblr', 'reddit']",22/11/2017,00:00:00,05:00,Hora Estándar del Este,en,A Very Reddit Thanksgiving,"['reddit', 'thanksgiving']",2,positivos,2
An Update on Reddit’s Redesign,"['facebook', 'twitter', 'pinterest', 'tumblr', 'reddit']",08/11/2017,00:00:00,05:00,Hora Estándar del Este,en,An Update on Reddit’s Redesign,"['update', 'reddit', 'redesign']",3,neutros,1
Introducing the New Reddit Ads Dashboard,"['facebook', 'twitter', 'pinterest', 'tumblr', 'reddit']",06/11/2017,00:00:00,05:00,Hora Estándar del Este,en,Introducing the New Reddit Ads Dashboard,"['introducing', 'new', 'reddit', 'ads', 'dashboard']",5,neutros,1
Secret Santa 2017: Join a Reddit Tradition,"['facebook', 'twitter', 'pinterest', 'tumblr', 'reddit']",02/11/2017,00:00:00,04:00,Hora Estándar del Atlántico,en,Secret Santa 2017: Join a Reddit Tradition,"['secret', 'santa', 'join', 'reddit', 'tradition']",5,neutros,1
"Halloween Highlights: Stranger Pairs, Hallo-memes, and the Jack of All Jack-o’-Lanterns","['facebook', 'twitter', 'pinterest', 'tumblr', 'reddit']",30/10/2017,00:00:00,04:00,Hora Estándar del Atlántico,en,"Halloween Highlights: Stranger Pairs, Hallo-memes, and the Jack of All Jack-o’-Lanterns","['halloween', 'highlights', 'stranger', 'pairs', 'hallo-memes', 'jack', 'jack-o', '-lanterns']",8,positivos,2
Extra Life Is Almost Here! Join Team Reddit on Nov. 4th to Raise Money for Children’s Hospitals!,"['facebook', 'twitter', 'pinterest', 'tumblr', 'reddit']",26/10/2017,00:00:00,04:00,Hora Estándar del Atlántico,en,Extra Life Is Almost Here! Join Team Reddit on Nov. 4th to Raise Money for Children’s Hospitals!,"['extra', 'life', 'almost', 'join', 'team', 'reddit', 'nov', '4th', 'raise', 'money', 'children', 'hospitals']",12,positivos,2
Snoo Spotlight: Bhavana Shanbhag,"['facebook', 'twitter', 'pinterest', 'tumblr', 'reddit']",20/10/2017,00:00:00,04:00,Hora Estándar del Atlántico,en,Snoo Spotlight: Bhavana Shanbhag,"['snoo', 'spotlight', 'bhavana', 'shanbhag']",4,neutros,1
Announcing the Reddit Internship for Engineers (RIFE),"['facebook', 'twitter', 'pinterest', 'tumblr', 'reddit']",18/10/2017,00:00:00,04:00,Hora Estándar del Atlántico,en,Announcing the Reddit Internship for Engineers (RIFE),"['announcing', 'reddit', 'internship', 'engineers', 'rife']",5,neutros,1
Reddit Teams up With TIME on New Editorial Partnership,"['facebook', 'twitter', 'pinterest', 'tumblr', 'reddit']",12/10/2017,00:00:00,04:00,Hora Estándar del Atlántico,en,Reddit Teams up With TIME on New Editorial Partnership,"['reddit', 'teams', 'time', 'new', 'editorial', 'partnership']",6,neutros,1
Extra Life Kicks Off November 4th!,"['facebook', 'twitter', 'pinterest', 'tumblr', 'reddit']",04/10/2017,00:00:00,04:00,Hora Estándar del Atlántico,en,Extra Life Kicks Off November 4th!,"['extra', 'life', 'kicks', 'november', '4th']",5,neutros,1
Reddit’s Headed to ONA17!,"['facebook', 'twitter', 'pinterest', 'tumblr', 'reddit']",27/09/2017,00:00:00,04:00,Hora Estándar del Atlántico,en,Reddit’s Headed to ONA17!,"['reddit', 'headed', 'ona17']",3,neutros,1
Reddit Launches AMA Series in Run-Up to the International Day for Tolerance on November 16,"['facebook', 'twitter', 'pinterest', 'tumblr', 'reddit']",27/09/2017,00:00:00,04:00,Hora Estándar del Atlántico,en,Reddit Launches AMA Series in Run-Up to the International Day for Tolerance on November 16,"['reddit', 'launches', 'ama', 'series', 'run-up', 'international', 'day', 'tolerance', 'november']",9,neutros,1
Reddit Is Partnering with National Voter Registration Day,"['facebook', 'twitter', 'pinterest', 'tumblr', 'reddit']",25/09/2017,00:00:00,04:00,Hora Estándar del Atlántico,en,Reddit Is Partnering with National Voter Registration Day,"['reddit', 'partnering', 'national', 'voter', 'registration', 'day']",6,positivos,2
Snoo Spotlight: Rohaina Hassan,"['facebook', 'twitter', 'pinterest', 'tumblr', 'reddit']",13/09/2017,00:00:00,04:00,Hora Estándar del Atlántico,en,Snoo Spotlight: Rohaina Hassan,"['snoo', 'spotlight', 'rohaina', 'hassan']",4,neutros,1
The Search for Better Search at Reddit,"['facebook', 'twitter', 'pinterest', 'tumblr', 'reddit']",07/09/2017,00:00:00,04:00,Hora Estándar del Atlántico,en,The Search for Better Search at Reddit,"['search', 'better', 'search', 'reddit']",4,neutros,1
Reddit Co-Founders Share How They Built the Front Page of the Internet With NPR’s Guy Raz,"['facebook', 'twitter', 'pinterest', 'tumblr', 'reddit']",01/09/2017,00:00:00,04:00,Hora Estándar del Atlántico,en,Reddit Co-Founders Share How They Built the Front Page of the Internet With NPR’s Guy Raz,"['reddit', 'co-founders', 'share', 'built', 'front', 'page', 'internet', 'npr', 'guy', 'raz']",10,neutros,1
Redditors’ Net Neutrality Comments Filed with FCC,"['facebook', 'twitter', 'pinterest', 'tumblr', 'reddit']",30/08/2017,00:00:00,04:00,Hora Estándar del Atlántico,en,Redditors’ Net Neutrality Comments Filed with FCC,"['redditors', 'net', 'neutrality', 'comments', 'filed', 'fcc']",6,neutros,1
Redditors Collaborate on a Print Magazine That Analyzes the Rise and Fall of Memes,"['facebook', 'twitter', 'pinterest', 'tumblr', 'reddit']",22/08/2017,00:00:00,04:00,Hora Estándar del Atlántico,en,Redditors Collaborate on a Print Magazine That Analyzes the Rise and Fall of Memes,"['redditors', 'collaborate', 'print', 'magazine', 'analyzes', 'rise', 'fall', 'memes']",8,neutros,1
Video Is Coming to Reddit!,"['facebook', 'twitter', 'pinterest', 'tumblr', 'reddit']",17/08/2017,00:00:00,04:00,Hora Estándar del Atlántico,en,Video Is Coming to Reddit!,"['video', 'coming', 'reddit']",3,neutros,1
Snoo’s Day: A Reddit Tradition,"['facebook', 'twitter', 'pinterest', 'tumblr', 'reddit']",10/08/2017,00:00:00,04:00,Hora Estándar del Atlántico,en,Snoo’s Day: A Reddit Tradition,"['snoo', 'day', 'reddit', 'tradition']",4,neutros,1
Dynamically Routing Requests Across Different Stacks with VCL,"['facebook', 'twitter', 'pinterest', 'tumblr', 'reddit']",04/08/2017,00:00:00,04:00,Hora Estándar del Atlántico,en,Dynamically Routing Requests Across Different Stacks with VCL,"['dynamically', 'routing', 'requests', 'across', 'different', 'stacks', 'vcl']",7,neutros,1
Acing Your Technical Interviews at Reddit,"['facebook', 'twitter', 'pinterest', 'tumblr', 'reddit']",02/08/2017,00:00:00,04:00,Hora Estándar del Atlántico,en,Acing Your Technical Interviews at Reddit,"['acing', 'technical', 'interviews', 'reddit']",4,neutros,1
Redditors Across the U.S. Share Net Neutrality Comments for Their Representatives,"['facebook', 'twitter', 'pinterest', 'tumblr', 'reddit']",31/07/2017,00:00:00,04:00,Hora Estándar del Atlántico,en,Redditors Across the U.S. Share Net Neutrality Comments for Their Representatives,"['redditors', 'across', 'u', 'share', 'net', 'neutrality', 'comments', 'representatives']",8,neutros,1
Holding the Door Open,"['facebook', 'twitter', 'pinterest', 'tumblr', 'reddit']",25/07/2017,00:00:00,04:00,Hora Estándar del Atlántico,en,Holding the Door Open,"['holding', 'door', 'open']",3,neutros,1
Reddit Announces First-Ever Olympic AMA Series,"['facebook', 'twitter', 'pinterest', 'tumblr', 'reddit']",19/07/2017,00:00:00,04:00,Hora Estándar del Atlántico,en,Reddit Announces First-Ever Olympic AMA Series,"['reddit', 'announces', 'first-ever', 'olympic', 'ama', 'series']",6,neutros,1
Redditors Rally on the Day of Action to Save Net Neutrality,"['facebook', 'twitter', 'pinterest', 'tumblr', 'reddit']",14/07/2017,00:00:00,04:00,Hora Estándar del Atlántico,en,Redditors Rally on the Day of Action to Save Net Neutrality,"['redditors', 'rally', 'day', 'action', 'save', 'net', 'neutrality']",7,positivos,2
Reddit’s Plans for the Day of Action to Save Net Neutrality,"['facebook', 'twitter', 'pinterest', 'tumblr', 'reddit']",10/07/2017,00:00:00,04:00,Hora Estándar del Atlántico,en,Reddit’s Plans for the Day of Action to Save Net Neutrality,"['reddit', 'plans', 'day', 'action', 'save', 'net', 'neutrality']",7,neutros,1
Why We Chose Typescript,"['facebook', 'twitter', 'pinterest', 'tumblr', 'reddit']",30/06/2017,00:00:00,04:00,Hora Estándar del Atlántico,en,Why We Chose Typescript,"['chose', 'typescript']",2,neutros,1
Reddit Hosts “Period Party” Fundraiser With Nonprofit Partner Simply the Basics,"['facebook', 'twitter', 'pinterest', 'tumblr', 'reddit']",30/06/2017,00:00:00,04:00,Hora Estándar del Atlántico,en,Reddit Hosts “Period Party” Fundraiser With Nonprofit Partner Simply the Basics,"['reddit', 'hosts', 'period', 'party', 'fundraiser', 'nonprofit', 'partner', 'simply', 'basics']",9,neutros,1
Highlights from Global Reddit Meetup Day 2017,"['facebook', 'twitter', 'pinterest', 'tumblr', 'reddit']",27/06/2017,00:00:00,04:00,Hora Estándar del Atlántico,en,Highlights from Global Reddit Meetup Day 2017,"['highlights', 'global', 'reddit', 'meetup', 'day']",5,neutros,1
The MLB Launches New User Profile on Reddit,"['facebook', 'twitter', 'pinterest', 'tumblr', 'reddit']",16/06/2017,00:00:00,04:00,Hora Estándar del Atlántico,en,The MLB Launches New User Profile on Reddit,"['mlb', 'launches', 'new', 'user', 'profile', 'reddit']",6,neutros,1
Why Publishers Should Use Reddit Embeds,"['facebook', 'twitter', 'pinterest', 'tumblr', 'reddit']",14/06/2017,00:00:00,04:00,Hora Estándar del Atlántico,en,Why Publishers Should Use Reddit Embeds,"['publishers', 'use', 'reddit', 'embeds']",4,neutros,1
Building the Feed for the Reddit iOS App,"['facebook', 'twitter', 'pinterest', 'tumblr', 'reddit']",08/06/2017,00:00:00,04:00,Hora Estándar del Atlántico,en,Building the Feed for the Reddit iOS App,"['building', 'feed', 'reddit', 'ios', 'app']",5,neutros,1
"What’s New on Reddit Gifts: Arbitrary Day, the MLB, Prequel Memes, & Game of Thrones","['facebook', 'twitter', 'pinterest', 'tumblr', 'reddit']",05/06/2017,00:00:00,04:00,Hora Estándar del Atlántico,en,"What’s New on Reddit Gifts: Arbitrary Day, the MLB, Prequel Memes, & Game of Thrones","['new', 'reddit', 'gifts', 'arbitrary', 'day', 'mlb', 'prequel', 'memes', 'game', 'thrones']",10,neutros,1
The Evolution of Code Deploys at Reddit,"['facebook', 'twitter', 'pinterest', 'tumblr', 'reddit']",02/06/2017,00:00:00,04:00,Hora Estándar del Atlántico,en,The Evolution of Code Deploys at Reddit,"['evolution', 'code', 'deploys', 'reddit']",4,neutros,1
HQG Studios: The Supergroup of Gif-Makers Reimagining Music Videos,"['facebook', 'twitter', 'pinterest', 'tumblr', 'reddit']",30/05/2017,00:00:00,04:00,Hora Estándar del Atlántico,en,HQG Studios: The Supergroup of Gif-Makers Reimagining Music Videos,"['hqg', 'studios', 'supergroup', 'gif-makers', 'reimagining', 'music', 'videos']",7,neutros,1
View Counting at Reddit,"['facebook', 'twitter', 'pinterest', 'tumblr', 'reddit']",24/05/2017,00:00:00,04:00,Hora Estándar del Atlántico,en,View Counting at Reddit,"['view', 'counting', 'reddit']",3,neutros,1
Dallas Morning News Concludes AMA Series With Mayor of Dallas,"['facebook', 'twitter', 'pinterest', 'tumblr', 'reddit']",23/05/2017,00:00:00,04:00,Hora Estándar del Atlántico,en,Dallas Morning News Concludes AMA Series With Mayor of Dallas,"['dallas', 'morning', 'news', 'concludes', 'ama', 'series', 'mayor', 'dallas']",8,neutros,1
Argonauts of the Internet: Anthropology and Community Management,"['facebook', 'twitter', 'pinterest', 'tumblr', 'reddit']",16/05/2017,00:00:00,04:00,Hora Estándar del Atlántico,en,Argonauts of the Internet: Anthropology and Community Management,"['argonauts', 'internet', 'anthropology', 'community', 'management']",5,neutros,1
Bravo’s ‘Watch What Happens Live’ Kicks Off Social Week With a Reddit AMA IRL,"['facebook', 'twitter', 'pinterest', 'tumblr', 'reddit']",08/05/2017,00:00:00,04:00,Hora Estándar del Atlántico,en,Bravo’s ‘Watch What Happens Live’ Kicks Off Social Week With a Reddit AMA IRL,"['bravo', 'watch', 'happens', 'live', 'kicks', 'social', 'week', 'reddit', 'ama', 'irl']",10,neutros,1
How Reddit’s Sales Team Is Making The Ad Industry “More Human”,"['facebook', 'twitter', 'pinterest', 'tumblr', 'reddit']",03/05/2017,00:00:00,04:00,Hora Estándar del Atlántico,en,How Reddit’s Sales Team Is Making The Ad Industry “More Human”,"['reddit', 'sales', 'team', 'making', 'ad', 'industry', 'human']",7,positivos,2
"Global Reddit Meetup Day Is Coming. Set Your Calendars for June 17, 2017!","['facebook', 'twitter', 'pinterest', 'tumblr', 'reddit']",27/04/2017,00:00:00,04:00,Hora Estándar del Atlántico,en,"Global Reddit Meetup Day Is Coming. Set Your Calendars for June 17, 2017!","['global', 'reddit', 'meetup', 'day', 'coming', 'set', 'calendars', 'june']",8,positivos,2
A Quick Recap of the March for Science,"['facebook', 'twitter', 'pinterest', 'tumblr', 'reddit']",24/04/2017,00:00:00,04:00,Hora Estándar del Atlántico,en,A Quick Recap of the March for Science,"['quick', 'recap', 'march', 'science']",4,neutros,1
Looking Back at r/Place,"['facebook', 'twitter', 'pinterest', 'tumblr', 'reddit']",18/04/2017,00:00:00,04:00,Hora Estándar del Atlántico,en,Looking Back at r/Place,"['looking', 'back', 'r', 'place']",4,neutros,1
How We Built r/Place,"['facebook', 'twitter', 'pinterest', 'tumblr', 'reddit']",13/04/2017,00:00:00,04:00,Hora Estándar del Atlántico,en,How We Built r/Place,"['built', 'r', 'place']",3,neutros,1
Announcing GIF Bots on Reddit,"['facebook', 'twitter', 'pinterest', 'tumblr', 'reddit']",13/04/2017,00:00:00,04:00,Hora Estándar del Atlántico,en,Announcing GIF Bots on Reddit,"['announcing', 'gif', 'bots', 'reddit']",4,neutros,1
Introducing Reddit’s New Self-Serve Advertising Platform,"['facebook', 'twitter', 'pinterest', 'tumblr', 'reddit']",30/03/2017,00:00:00,04:00,Hora Estándar del Atlántico,en,Introducing Reddit’s New Self-Serve Advertising Platform,"['introducing', 'reddit', 'new', 'self-serve', 'advertising', 'platform']",6,neutros,1
Reddit’s People & Culture Team Hosts Women in Tech Panel,"['facebook', 'twitter', 'pinterest', 'tumblr', 'reddit']",28/03/2017,00:00:00,04:00,Hora Estándar del Atlántico,en,Reddit’s People & Culture Team Hosts Women in Tech Panel,"['reddit', 'people', 'culture', 'team', 'hosts', 'women', 'tech', 'panel']",8,neutros,1
Entertainment Weekly Debuts Latest Cover in Exclusive Post on r/television,"['facebook', 'twitter', 'pinterest', 'tumblr', 'reddit']",23/03/2017,00:00:00,04:00,Hora Estándar del Atlántico,en,Entertainment Weekly Debuts Latest Cover in Exclusive Post on r/television,"['entertainment', 'weekly', 'debuts', 'latest', 'cover', 'exclusive', 'post', 'r', 'television']",9,neutros,1
Alexis Ohanian Kicks off New Profile by Asking Users How Reddit Changed Their Lives,"['facebook', 'twitter', 'pinterest', 'tumblr', 'reddit']",22/03/2017,00:00:00,04:00,Hora Estándar del Atlántico,en,Alexis Ohanian Kicks off New Profile by Asking Users How Reddit Changed Their Lives,"['alexis', 'ohanian', 'kicks', 'new', 'profile', 'asking', 'users', 'reddit', 'changed', 'lives']",10,neutros,1
Introducing a New User Profile Page With u/Shitty_Watercolour,"['facebook', 'twitter', 'pinterest', 'tumblr', 'reddit']",21/03/2017,00:00:00,04:00,Hora Estándar del Atlántico,en,Introducing a New User Profile Page With u/Shitty_Watercolour,"['introducing', 'new', 'user', 'profile', 'page', 'u', 'shitty_watercolour']",7,neutros,1
Reddit’s Heading to SXSW!,"['facebook', 'twitter', 'pinterest', 'tumblr', 'reddit']",07/03/2017,00:00:00,05:00,Hora Estándar del Este,en,Reddit’s Heading to SXSW!,"['reddit', 'heading', 'sxsw']",3,neutros,1
r/NintendoSwitch Celebrates “Switchmas” With Charity Live Stream,"['facebook', 'twitter', 'pinterest', 'tumblr', 'reddit']",02/03/2017,00:00:00,05:00,Hora Estándar del Este,en,r/NintendoSwitch Celebrates “Switchmas” With Charity Live Stream,"['r', 'nintendoswitch', 'celebrates', 'switchmas', 'charity', 'live', 'stream']",7,positivos,2
A Look Back at Black History Month at Reddit,"['facebook', 'twitter', 'pinterest', 'tumblr', 'reddit']",02/03/2017,00:00:00,05:00,Hora Estándar del Este,en,A Look Back at Black History Month at Reddit,"['look', 'back', 'black', 'history', 'month', 'reddit']",6,neutros,1
IMDB Users Find New Home for Movie Commentary on Reddit,"['facebook', 'twitter', 'pinterest', 'tumblr', 'reddit']",22/02/2017,00:00:00,05:00,Hora Estándar del Este,en,IMDB Users Find New Home for Movie Commentary on Reddit,"['imdb', 'users', 'find', 'new', 'home', 'movie', 'commentary', 'reddit']",8,neutros,1
Redditors Take Home Innovation Award at SpaceX’s Hyperloop Competition,"['facebook', 'twitter', 'pinterest', 'tumblr', 'reddit']",15/02/2017,00:00:00,05:00,Hora Estándar del Este,en,Redditors Take Home Innovation Award at SpaceX’s Hyperloop Competition,"['redditors', 'take', 'home', 'innovation', 'award', 'spacex', 'hyperloop', 'competition']",8,positivos,2
Announcing Reddit’s New Partnership With CrowdTangle,"['facebook', 'twitter', 'pinterest', 'tumblr', 'reddit']",08/02/2017,00:00:00,05:00,Hora Estándar del Este,en,Announcing Reddit’s New Partnership With CrowdTangle,"['announcing', 'reddit', 'new', 'partnership', 'crowdtangle']",5,neutros,1
Redditors Respond to Alexis Ohanian's Open Letter by Sharing Their Immigration Stories,"['facebook', 'twitter', 'pinterest', 'tumblr', 'reddit']",31/01/2017,00:00:00,05:00,Hora Estándar del Este,en,Redditors Respond to Alexis Ohanian's Open Letter by Sharing Their Immigration Stories,"['redditors', 'respond', 'alexis', 'ohanian', 'open', 'letter', 'sharing', 'immigration', 'stories']",9,neutros,1
Reddit Would Not Exist Today Without Immigrants,"['facebook', 'twitter', 'pinterest', 'tumblr', 'reddit']",30/01/2017,00:00:00,05:00,Hora Estándar del Este,en,Reddit Would Not Exist Today Without Immigrants,"['reddit', 'would', 'exist', 'today', 'without', 'immigrants']",6,neutros,1
"Highlights from CEO Steve Huffman's ""State of the Union"" Post","['facebook', 'twitter', 'pinterest', 'tumblr', 'reddit']",27/01/2017,00:00:00,05:00,Hora Estándar del Este,en,"Highlights from CEO Steve Huffman's ""State of the Union"" Post","['highlights', 'ceo', 'steve', 'huffman', 'state', 'union', 'post']",7,neutros,1
The Rise and Rise of Wholesome Memes,"['facebook', 'twitter', 'pinterest', 'tumblr', 'reddit']",23/01/2017,00:00:00,05:00,Hora Estándar del Este,en,The Rise and Rise of Wholesome Memes,"['rise', 'rise', 'wholesome', 'memes']",4,neutros,1
Spoiler Tags for Posts,"['facebook', 'twitter', 'pinterest', 'tumblr', 'reddit']",19/01/2017,00:00:00,05:00,Hora Estándar del Este,en,Spoiler Tags for Posts,"['spoiler', 'tags', 'posts']",3,neutros,1
"Redditors' Questions Return to A&E on Leah Remini's ""Ask Me Anything: Part 2""","['facebook', 'twitter', 'pinterest', 'tumblr', 'reddit']",18/01/2017,00:00:00,05:00,Hora Estándar del Este,en,"Redditors' Questions Return to A&E on Leah Remini's ""Ask Me Anything: Part 2""","['redditors', 'questions', 'return', 'e', 'leah', 'remini', 'ask', 'anything', 'part']",9,neutros,1
"Promote ideas, protect people","['facebook', 'twitter', 'tumblr', 'reddit']",14/05/2015,00:00:00,04:00,Hora Estándar del Atlántico,en,"Promote ideas, protect people","['promote', 'ideas', 'protect', 'people']",4,positivos,2
